
{"北京":{"北京":{"x":"116.46","y":"39.92"},"平谷":{"x":"117.1","y":"40.13"},"密云":{"x":"116.85","y":"40.37"},"顺义":{"x":"116.65","y":"40.13"},"通县":{"x":"116.67","y":"39.92"},"怀柔":{"x":"116.62","y":"40.32"},"大兴":{"x":"116.33","y":"39.73"},"房山":{"x":"115.98","y":"39.72"},"延庆":{"x":"115.97","y":"40.47"},"昌平":{"x":"116.2","y":"40.22"}},"上海":{"上海":{"x":"121.48","y":"31.22"},"嘉定":{"x":"121.24","y":"31.4"},"宝山":{"x":"121.48","y":"31.41"},"川沙":{"x":"121.7","y":"31.19"},"南汇":{"x":"121.76","y":"31.05"},"奉贤":{"x":"121.46","y":"30.92"},"松江":{"x":"121.24","y":"31"},"金山":{"x":"121.16","y":"30.89"},"青浦":{"x":"121.1","y":"31.15"},"崇明":{"x":"121.4","y":"31.73"}},"天津":{"天津":{"x":"117.2","y":"39.13"},"宁河":{"x":"117.83","y":"39.33"},"静海":{"x":"116.92","y":"38.93"},"蓟县":{"x":"117.4","y":"40.05"},"宝坻":{"x":"117.3","y":"39.75"},"武清":{"x":"117.05","y":"39.4"}},"重庆":{"重庆":{"x":"106.54","y":"29.59"},"綦江":{"x":"106.56","y":"29.41"},"长寿":{"x":"106.64","y":"29.01"},"南桐":{"x":"107.04","y":"29.86"},"合川":{"x":"106.28","y":"29.26"},"潼南":{"x":"106.22","y":"30.03"},"铜梁":{"x":"105.8","y":"30.16"},"壁山":{"x":"106.03","y":"29.86"},"荣昌":{"x":"106.21","y":"29.62"},"大足":{"x":"105.59","y":"29.4"},"永川":{"x":"105.71","y":"29.75"},"万盛":{"x":"105.91","y":"29.38"}},"河北":{"石家庄":{"x":"114.48","y":"38.03"},"唐山":{"x":"118.02","y":"39.63"},"行唐":{"x":"114.54","y":"38.42"},"灵寿":{"x":"114.38","y":"38.31"},"束鹿":{"x":"115.18","y":"37.94"},"晋县":{"x":"115.03","y":"38.03"},"藁城":{"x":"114.84","y":"38.03"},"高邑":{"x":"114.58","y":"37.62"},"赵县":{"x":"114.78","y":"37.76"},"井陉":{"x":"114.13","y":"38.03"},"获鹿":{"x":"114.03","y":"38.08"},"新乐":{"x":"114.67","y":"38.33"},"正定":{"x":"114.56","y":"38.13"},"深泽":{"x":"115.2","y":"38.2"},"无极":{"x":"114.96","y":"38.16"},"赞皇":{"x":"114.35","y":"37.65"},"元氏":{"x":"114.5","y":"37.74"},"栾城":{"x":"114.64","y":"38.87"},"平山":{"x":"114.24","y":"38.2"},"邯郸":{"x":"114.47","y":"36.6"},"永年":{"x":"114.5","y":"36.77"},"曲周":{"x":"114.92","y":"36.78"},"馆陶":{"x":"115.4","y":"36.47"},"魏县":{"x":"114.94","y":"36.37"},"成安":{"x":"114.68","y":"36.43"},"大名":{"x":"115.14","y":"36.28"},"涉县":{"x":"113.67","y":"36.57"},"鸡泽":{"x":"113.85","y":"36.95"},"丘县":{"x":"115.18","y":"36.84"},"广平":{"x":"114.94","y":"36.49"},"肥乡":{"x":"114.8","y":"36.56"},"临漳":{"x":"114.62","y":"36.35"},"磁县":{"x":"114.37","y":"36.37"},"武安":{"x":"114.2","y":"36.7"},"邢台":{"x":"114.48","y":"37.05"},"柏乡":{"x":"114.68","y":"37.49"},"宁普":{"x":"114.9","y":"37.62"},"隆尧":{"x":"114.75","y":"37.35"},"临西":{"x":"115.5","y":"36.87"},"南官":{"x":"115.37","y":"37.37"},"巨鹿":{"x":"115.03","y":"37.22"},"任县":{"x":"114.68","y":"37.11"},"沙河":{"x":"114.52","y":"36.94"},"临城":{"x":"114.5","y":"37.43"},"内丘":{"x":"114.5","y":"37.28"},"新河":{"x":"115.22","y":"37.53"},"清河":{"x":"115.67","y":"37.07"},"威县":{"x":"115.08","y":"36.97"},"广宗":{"x":"115.14","y":"37.06"},"平乡":{"x":"115.02","y":"37.06"},"南和":{"x":"114.71","y":"37"},"保定":{"x":"115.48","y":"38.85"},"涞水":{"x":"115.71","y":"39.39"},"涿县":{"x":"115.98","y":"39.48"},"定兴":{"x":"115.78","y":"39.28"},"容城":{"x":"115.86","y":"39.06"},"安新":{"x":"115.92","y":"38.92"},"蠡县":{"x":"115.58","y":"38.49"},"博野":{"x":"115.46","y":"38.46"},"定县":{"x":"114.02","y":"38.52"},"阜平":{"x":"114.18","y":"38.85"},"唐县":{"x":"114.97","y":"38.75"},"涞源":{"x":"114.67","y":"39.37"},"易县":{"x":"115.49","y":"39.35"},"新城":{"x":"115.84","y":"39.34"},"雄县":{"x":"116.1","y":"38.98"},"徐水":{"x":"115.65","y":"39.02"},"高阳":{"x":"115.78","y":"38.68"},"安国":{"x":"115.3","y":"38.41"},"清苑":{"x":"115.47","y":"38.76"},"望都":{"x":"115.14","y":"38.71"},"曲阳":{"x":"114.68","y":"38.62"},"完县":{"x":"115.12","y":"38.84"},"满城":{"x":"115.45","y":"38.95"},"张家口":{"x":"114.87","y":"40.82"},"康保":{"x":"114.6","y":"41.87"},"赤城":{"x":"115.82","y":"40.92"},"怀来":{"x":"115.54","y":"40.4"},"蔚县":{"x":"114.53","y":"39.83"},"宣化":{"x":"115.03","y":"40.63"},"张北":{"x":"114.7","y":"41.15"},"沽源":{"x":"115.68","y":"41.68"},"崇礼":{"x":"115.25","y":"40.98"},"涿鹿":{"x":"115.2","y":"40.37"},"阳原":{"x":"114.15","y":"40.12"},"怀安":{"x":"114.38","y":"40.67"},"尚义":{"x":"113.95","y":"41.05"},"万全":{"x":"114.73","y":"40.84"},"承德":{"x":"117.93","y":"40.97"},"围场":{"x":"117.72","y":"41.95"},"平泉":{"x":"118.68","y":"41.02"},"宽城":{"x":"118.47","y":"40.62"},"兴隆":{"x":"117.48","y":"40.42"},"滦平":{"x":"117.53","y":"40.95"},"隆化":{"x":"117.7","y":"41.32"},"青龙":{"x":"118.93","y":"40.43"},"丰宁":{"x":"116.63","y":"41.2"},"秦皇岛":{"x":"119.57","y":"39.95"},"迁西":{"x":"118.3","y":"40.15"},"迁安":{"x":"118.69","y":"40.02"},"昌黎":{"x":"119.15","y":"39.72"},"卢龙":{"x":"118.85","y":"39.89"},"滦南":{"x":"118.67","y":"39.49"},"玉田":{"x":"117.9","y":"39.9"},"唐海":{"x":"118.54","y":"39.31"},"遵化":{"x":"117.97","y":"40.2"},"抚宁":{"x":"119.22","y":"39.88"},"乐亭":{"x":"118.9","y":"39.43"},"滦县":{"x":"118.73","y":"39.74"},"丰南":{"x":"118.1","y":"39.58"},"丰润":{"x":"118.13","y":"39.82"},"廊坊":{"x":"116.7","y":"39.53"},"安次":{"x":"116.69","y":"39.52"},"三河":{"x":"117.06","y":"39.97"},"香河":{"x":"117","y":"39.76"},"霸县":{"x":"116.38","y":"39.12"},"固安":{"x":"116.29","y":"39.44"},"大城":{"x":"116.63","y":"38.7"},"文安":{"x":"116.45","y":"38.87"},"永清":{"x":"116.48","y":"39.32"},"大厂":{"x":"116.98","y":"39.98"},"沧州":{"x":"116.83","y":"38.33"},"黄骅":{"x":"117.33","y":"38.4"},"盐山":{"x":"117.22","y":"38.07"},"吴桥":{"x":"116.37","y":"37.65"},"东光":{"x":"116.52","y":"37.89"},"肃宁":{"x":"115.82","y":"38.43"},"河间":{"x":"116.07","y":"38.45"},"泊头":{"x":"116.56","y":"38.08"},"交河":{"x":"116.27","y":"38.02"},"青县":{"x":"116.8","y":"38.58"},"海兴":{"x":"117.85","y":"38.17"},"南皮":{"x":"116.7","y":"38.05"},"任丘":{"x":"116.08","y":"38.72"},"献县":{"x":"116.12","y":"38.2"},"孟村":{"x":"117.1","y":"38.06"},"衡水":{"x":"115.72","y":"37.72"},"饶阳":{"x":"115.74","y":"38.24"},"阜城":{"x":"116.14","y":"37.87"},"景县":{"x":"116.26","y":"37.69"},"枣强":{"x":"115.72","y":"37.52"},"深县":{"x":"115.56","y":"38.02"},"安平":{"x":"115.5","y":"38.22"},"武强":{"x":"115.96","y":"38.03"},"武邑":{"x":"115.9","y":"37.81"},"故城":{"x":"115.96","y":"37.36"},"冀县":{"x":"115.56","y":"37.59"}},"山西":{"太原":{"x":"112.53","y":"37.87"},"阳曲":{"x":"112.65","y":"38.05"},"娄烦":{"x":"111.78","y":"38.05"},"清徐":{"x":"112.33","y":"37.62"},"大同":{"x":"113.3","y":"40.12"},"阳泉":{"x":"113.57","y":"37.85"},"长治":{"x":"113.08","y":"36.18"},"天镇":{"x":"114.08","y":"40.42"},"灵丘":{"x":"114.2","y":"39.47"},"怀仁":{"x":"113.1","y":"39.82"},"山阴":{"x":"112.82","y":"39.52"},"平鲁":{"x":"112.12","y":"39.53"},"右玉":{"x":"112.33","y":"40.18"},"阳高":{"x":"113.72","y":"40.38"},"广灵":{"x":"113.27","y":"39.75"},"浑源":{"x":"113.68","y":"39.7"},"应县":{"x":"113.18","y":"39.58"},"朔县":{"x":"112.42","y":"39.32"},"左云":{"x":"112.67","y":"40.02"},"忻县":{"x":"112.7","y":"38.38"},"代县":{"x":"112.97","y":"39.07"},"五台":{"x":"113.32","y":"38.72"},"静乐":{"x":"111.9","y":"38.37"},"保德":{"x":"111.09","y":"38.01"},"河曲":{"x":"111.17","y":"39.38"},"神池":{"x":"112.17","y":"39.1"},"原平":{"x":"112.7","y":"38.73"},"繁峙":{"x":"113.28","y":"39.2"},"定襄":{"x":"112.95","y":"38.5"},"岢岚":{"x":"111.58","y":"38.7"},"五寨":{"x":"111.82","y":"38.93"},"偏关":{"x":"111.47","y":"39.45"},"宁武":{"x":"112.28","y":"39"},"榆次":{"x":"112.72","y":"37.68"},"孟县":{"x":"113.37","y":"38.01"},"昔阳":{"x":"113.68","y":"37.62"},"左权":{"x":"113.35","y":"37.07"},"太谷":{"x":"112.53","y":"37.42"},"平遥":{"x":"112.18","y":"37.2"},"灵石":{"x":"111.77","y":"36.83"},"寿阳":{"x":"113.17","y":"37.88"},"平定":{"x":"113.62","y":"37.79"},"和顺":{"x":"113.55","y":"37.33"},"榆社":{"x":"112.97","y":"37.08"},"祁县":{"x":"112.33","y":"37.36"},"介休":{"x":"111.88","y":"37.03"},"离石":{"x":"111.13","y":"37.53"},"兴县":{"x":"111.22","y":"38.47"},"方由":{"x":"111.24","y":"37.86"},"岚县":{"x":"111.62","y":"38.28"},"交城":{"x":"112.14","y":"37.55"},"文水":{"x":"112.02","y":"37.42"},"汾阳":{"x":"111.75","y":"37.27"},"孝义":{"x":"111.8","y":"37.12"},"交口":{"x":"111.2","y":"36.97"},"石楼":{"x":"110.83","y":"37"},"中阳":{"x":"111.17","y":"37.37"},"临县":{"x":"110.95","y":"37.95"},"柳林":{"x":"110.85","y":"37.45"},"襄垣":{"x":"113.02","y":"36.55"},"黎城":{"x":"113.4","y":"36.56"},"壶关":{"x":"113.23","y":"35.11"},"高平":{"x":"112.88","y":"35.48"},"阳城":{"x":"112.38","y":"35.84"},"长子":{"x":"112.87","y":"36.13"},"沁源":{"x":"112.32","y":"36.5"},"潞城":{"x":"113.22","y":"36.33"},"武乡":{"x":"112.83","y":"36.83"},"平顺":{"x":"113.43","y":"36.19"},"陵川":{"x":"113.27","y":"35.78"},"晋城":{"x":"112.83","y":"35.52"},"沁水":{"x":"112.15","y":"35.67"},"屯留":{"x":"112.87","y":"36.32"},"沁县":{"x":"112.68","y":"36.75"},"临汾":{"x":"111.5","y":"36.08"},"汾西":{"x":"111.53","y":"36.63"},"安泽":{"x":"112.2","y":"36.15"},"古县":{"x":"111.9","y":"36.29"},"翼城":{"x":"111.68","y":"35.73"},"曲沃":{"x":"111.33","y":"35.63"},"吉县":{"x":"110.65","y":"36.12"},"大宁":{"x":"110.72","y":"36.47"},"侯马":{"x":"111.45","y":"35.03"},"永和":{"x":"110.64","y":"36.62"},"洪洞":{"x":"111.68","y":"36.25"},"霍县":{"x":"111.72","y":"36.57"},"浮山":{"x":"111.83","y":"35.97"},"襄汾":{"x":"111.43","y":"35.86"},"乡宁":{"x":"110.8","y":"35.97"},"蒲县":{"x":"111.07","y":"36.42"},"运城":{"x":"110.97","y":"35.03"},"闻喜":{"x":"111.2","y":"35.37"},"垣曲":{"x":"111.63","y":"35.3"},"芮城":{"x":"110.68","y":"34.71"},"临猗":{"x":"110.78","y":"35.15"},"新绛":{"x":"111.22","y":"35.62"},"河津":{"x":"110.7","y":"35.58"},"夏县":{"x":"111.22","y":"35.12"},"绛县":{"x":"111.58","y":"35.48"},"平陆":{"x":"111.2","y":"34.12"},"永济":{"x":"110.42","y":"34.88"},"万荣":{"x":"110.83","y":"110.83"},"稷山":{"x":"110.97","y":"35.6"}},"辽宁":{"沈阳":{"x":"123.38","y":"41.8"},"新民":{"x":"122.83","y":"42"},"辽中":{"x":"122.7","y":"41.52"},"大连":{"x":"121.62","y":"38.92"},"金县":{"x":"121.7","y":"39.13"},"复县":{"x":"121.97","y":"39.63"},"新金":{"x":"121.95","y":"39.55"},"庄河":{"x":"22.97","y":"39.7"},"长海":{"x":"122.58","y":"39.28"},"鞍山":{"x":"122.85","y":"41.12"},"海城":{"x":"122.75","y":"40.85"},"台安":{"x":"122.4","y":"41.4"},"抚顺":{"x":"123.97","y":"41.97"},"新宾":{"x":"125.02","y":"41.72"},"清原":{"x":"124.9","y":"42.13"},"本溪":{"x":"123.73","y":"41.3"},"垣仁":{"x":"125.33","y":"41.28"},"锦州":{"x":"121.15","y":"41.13"},"锦县":{"x":"121.35","y":"41.17"},"义县":{"x":"121.22","y":"41.55"},"黑山":{"x":"122.12","y":"41.7"},"北镇":{"x":"121.8","y":"41.6"},"锦西":{"x":"120.83","y":"40.77"},"兴城":{"x":"120.68","y":"40.63"},"绥中":{"x":"120.32","y":"40.35"},"丹东":{"x":"124.37","y":"40.13"},"东沟":{"x":"124.13","y":"39.97"},"岫岩":{"x":"123.25","y":"40.3"},"凤城":{"x":"124.05","y":"40.47"},"宽甸":{"x":"124.77","y":"40.75"},"阜新":{"x":"121.65","y":"42"},"彰武":{"x":"122.52","y":"42.42"},"营口":{"x":"122.18","y":"40.65"},"盖县":{"x":"122.37","y":"40.42"},"盘山":{"x":"122.03","y":"41.02"},"大洼":{"x":"122.06","y":"41"},"辽阳":{"x":"123.17","y":"41.28"},"灯塔":{"x":"123.34","y":"41.43"},"铁岭":{"x":"123.85","y":"42.32"},"开原":{"x":"124.03","y":"42.53"},"昌图":{"x":"124.13","y":"42.8"},"铁法":{"x":"123.5","y":"42.48"},"康平":{"x":"123.33","y":"42.75"},"法库":{"x":"123.37","y":"42.52"},"西丰":{"x":"124.7","y":"42.77"},"朝阳":{"x":"120.42","y":"41.58"},"建昌":{"x":"119.78","y":"40.82"},"北票":{"x":"120.75","y":"41.82"},"凌源":{"x":"119.37","y":"41.27"},"建平":{"x":"119.63","y":"41.38"}},"吉林":{"长春":{"x":"125.35","y":"43.88"},"吉林":{"x":"126.57","y":"43.87"},"农安":{"x":"125.15","y":"44.45"},"德惠":{"x":"125.68","y":"44.52"},"榆树":{"x":"126.55","y":"44.83"},"九台":{"x":"126.83","y":"44.15"},"双阳":{"x":"125.68","y":"43.53"},"永吉":{"x":"126.57","y":"43.87"},"舒兰":{"x":"126.97","y":"44.4"},"蛟河":{"x":"127.33","y":"43.75"},"桦甸":{"x":"126.72","y":"42.97"},"磐石":{"x":"126.03","y":"42.93"},"延吉":{"x":"129.52","y":"42.93"},"汪清":{"x":"129.75","y":"43.32"},"珲春":{"x":"130.35","y":"42.85"},"图们":{"x":"129.83","y":"42.98"},"和龙":{"x":"129","y":"42.52"},"安图":{"x":"128.3","y":"42.58"},"敦化":{"x":"128.18","y":"43.35"},"通化":{"x":"125.92","y":"41.49"},"柳河":{"x":"125.7","y":"40.88"},"海龙":{"x":"125.65","y":"42.53"},"辉南":{"x":"126.03","y":"42.68"},"靖宇":{"x":"126.8","y":"42.38"},"浑江":{"x":"126.4","y":"41.97"},"抚松":{"x":"127.27","y":"42.33"},"集安":{"x":"126.17","y":"41.15"},"长白":{"x":"128.17","y":"41.43"},"四平":{"x":"124.37","y":"43.17"},"梨树":{"x":"124.33","y":"43.32"},"怀德":{"x":"124.82","y":"43.5"},"伊通":{"x":"125.32","y":"43.33"},"辽源":{"x":"125.15","y":"42.97"},"东丰":{"x":"125.5","y":"42.68"},"双辽":{"x":"123.5","y":"43.52"},"白城":{"x":"122.82","y":"45.63"},"大安":{"x":"124.18","y":"45.5"},"扶余":{"x":"124.82","y":"45.2"},"乾安":{"x":"124.02","y":"45"},"长岭":{"x":"123.97","y":"44.3"},"通榆":{"x":"123.13","y":"44.82"},"洮安":{"x":"122.75","y":"45.35"}},"黑龙江":{"哈尔滨":{"x":"126.63","y":"45.75"},"齐齐哈尔":{"x":"123.97","y":"47.33"},"鹤岗":{"x":"130.3","y":"47.33"},"双鸭山":{"x":"131.17","y":"46.65"},"鸡四":{"x":"130.97","y":"45.3"},"大庆":{"x":"125.03","y":"46.58"},"伊春":{"x":"128.92","y":"47.73"},"嘉荫":{"x":"130","y":"48.93"},"铁力":{"x":"128.08","y":"47.98"},"绥化":{"x":"127","y":"46.63"},"绥棱":{"x":"127.12","y":"47.22"},"海伦":{"x":"126.97","y":"47.47"},"庆安":{"x":"127.5","y":"46.87"},"兰西":{"x":"126.3","y":"46.28"},"肇东":{"x":"125.98","y":"46.07"},"肇州":{"x":"125.25","y":"45.72"},"肇源":{"x":"125.07","y":"45.53"},"安达":{"x":"125.33","y":"46.42"},"明水":{"x":"125.88","y":"47.18"},"青岗":{"x":"126.13","y":"46.68"},"望奎":{"x":"126.5","y":"46.83"},"黑河":{"x":"127.53","y":"50.22"},"爱辉":{"x":"127.53","y":"50.22"},"德都":{"x":"126.17","y":"48.5"},"通北":{"x":"126.8","y":"49.76"},"北安":{"x":"126.5","y":"48.22"},"孙吴":{"x":"127.5","y":"49.22"},"逊克":{"x":"128.42","y":"49.57"},"嫩江":{"x":"125.2","y":"49.17"},"佳木斯":{"x":"130.35","y":"46.83"},"桦川":{"x":"130.68","y":"47.02"},"萝北":{"x":"130.83","y":"47.58"},"绥滨":{"x":"131.83","y":"47.3"},"富锦":{"x":"132.02","y":"47.23"},"同江":{"x":"132.5","y":"47.67"},"抚远":{"x":"134.15","y":"48.33"},"饶河":{"x":"134","y":"46.78"},"七台河":{"x":"130.83","y":"45.82"},"宝清":{"x":"132.17","y":"46.33"},"集贤":{"x":"131.13","y":"46.7"},"勃利":{"x":"130.53","y":"45.75"},"桦南":{"x":"130.53","y":"46.25"},"依兰":{"x":"129.55","y":"46.33"},"汤源":{"x":"129.92","y":"46.73"},"牡丹江":{"x":"129.58","y":"44.6"},"林口":{"x":"130.23","y":"45.3"},"鸡东":{"x":"131.04","y":"45.27"},"密山":{"x":"131.85","y":"45.53"},"虎林":{"x":"133.97","y":"45.75"},"绥芬河":{"x":"131.17","y":"44.38"},"东宁":{"x":"131.12","y":"44.07"},"穆棱":{"x":"130.5","y":"44.9"},"宁安":{"x":"129.47","y":"44.35"},"海林":{"x":"129.35","y":"44.57"},"阿城":{"x":"126.95","y":"45.52"},"呼兰":{"x":"126.58","y":"46"},"巴彦":{"x":"127.38","y":"46.08"},"宾县":{"x":"127.48","y":"45.75"},"木兰":{"x":"128.03","y":"45.95"},"通河":{"x":"128.7","y":"45.98"},"方正":{"x":"128.8","y":"45.83"},"延寿":{"x":"128.35","y":"45.47"},"尚志":{"x":"127.95","y":"45.22"},"五常":{"x":"127.17","y":"44.93"},"双城":{"x":"126.32","y":"45.53"},"富裕":{"x":"124.4","y":"47.8"},"讷河":{"x":"124.85","y":"48.48"},"克山":{"x":"125.87","y":"48.03"},"克东":{"x":"126.22","y":"48.03"},"拜泉":{"x":"126.07","y":"47.62"},"依安":{"x":"125.3","y":"47.92"},"林甸":{"x":"124.87","y":"47.18"},"泰来":{"x":"123.45","y":"46.4"},"龙江":{"x":"123.18","y":"47.35"},"甘南":{"x":"123.48","y":"47.9"},"杜尔伯特":{"x":"124.44","y":"46.86"},"加格达奇":{"x":"124.07","y":"50.42"},"呼玛":{"x":"126.6","y":"51.72"},"塔河":{"x":"124.7","y":"52.32"},"漠河":{"x":"122.37","y":"53.48"}},"浙江":{"杭州":{"x":"120.19","y":"30.26"},"余杭":{"x":"120.3","y":"30.43"},"富阳":{"x":"119.95","y":"30.07"},"建德":{"x":"119.27","y":"29.49"},"临安":{"x":"119.72","y":"30.23"},"萧山":{"x":"120.25","y":"30.16"},"桐庐":{"x":"119.64","y":"29.8"},"淳安":{"x":"119.05","y":"29.61"},"宁波":{"x":"121.56","y":"29.86"},"镇海":{"x":"121.72","y":"29.96"},"温州":{"x":"120.65","y":"28.01"},"瓯海":{"x":"120.65","y":"28.01"},"永喜":{"x":"120.68","y":"28.16"},"洞头":{"x":"121.12","y":"27.84"},"平阳":{"x":"120.55","y":"27.68"},"泰顺":{"x":"119.7","y":"27.57"},"乐清":{"x":"120.94","y":"28.14"},"瑞安":{"x":"120.62","y":"27.8"},"文成":{"x":"120.08","y":"27.08"},"苍南":{"x":"120.36","y":"27.53"},"湖州":{"x":"120.1","y":"30.86"},"平湖":{"x":"121.02","y":"30.7"},"桐乡":{"x":"120.54","y":"30.64"},"安吉":{"x":"119.68","y":"30.68"},"嘉善":{"x":"120.92","y":"30.84"},"嘉兴":{"x":"120.76","y":"30.77"},"海盐":{"x":"120.92","y":"30.53"},"海宁":{"x":"120.69","y":"30.53"},"德清":{"x":"120.08","y":"30.54"},"长兴":{"x":"119.91","y":"30.01"},"定海":{"x":"122.11","y":"30.03"},"岱山":{"x":"122.2","y":"30.26"},"嵊四":{"x":"122.45","y":"30.72"},"普陀":{"x":"122.3","y":"29.97"},"鄞县":{"x":"121.56","y":"29.86"},"象山":{"x":"121.8","y":"29.48"},"奉化":{"x":"121.41","y":"29.66"},"慈溪":{"x":"121.23","y":"30.18"},"宁海":{"x":"121.42","y":"29.3"},"余姚":{"x":"121.16","y":"30.04"},"绍兴":{"x":"120.58","y":"30.01"},"新昌":{"x":"120.89","y":"29.49"},"诸暨":{"x":"120.23","y":"29.71"},"上虞":{"x":"120.87","y":"30.03"},"嵊县":{"x":"120.81","y":"29.6"},"椒江":{"x":"121.44","y":"28.67"},"临海":{"x":"121.13","y":"28.8"},"三门":{"x":"121.38","y":"29.11"},"温岭":{"x":"121.36","y":"28.36"},"仙居":{"x":"120.73","y":"28.85"},"天台":{"x":"121.03","y":"29.15"},"黄岩":{"x":"121.27","y":"28.64"},"玉环":{"x":"121.23","y":"28.14"},"丽水":{"x":"119.92","y":"28.45"},"青田":{"x":"120.28","y":"28.45"},"庆无":{"x":"119.06","y":"27.61"},"遂昌":{"x":"119.25","y":"28.59"},"缙云":{"x":"120.6","y":"28.66"},"云和":{"x":"119.56","y":"28.12"},"龙泉":{"x":"119.13","y":"28.08"},"松阳":{"x":"119.48","y":"28.46"},"金华":{"x":"119.64","y":"29.12"},"浦江":{"x":"119.88","y":"29.46"},"东阳":{"x":"120.23","y":"29.27"},"武义":{"x":"119.81","y":"28.9"},"江山":{"x":"118.61","y":"28.74"},"开化":{"x":"118.39","y":"29.15"},"衢州":{"x":"118.88","y":"28.97"},"兰溪":{"x":"119.48","y":"29.19"},"义乌":{"x":"120.06","y":"29.32"},"永康":{"x":"120.02","y":"28.92"},"常山":{"x":"118.5","y":"28.9"}},"福建":{"福州":{"x":"119.3","y":"26.08"},"闽侯":{"x":"119.14","y":"26.16"},"厦门":{"x":"118.1","y":"24.46"},"同安":{"x":"118.15","y":"24.74"},"南平":{"x":"118.11","y":"27.34"},"建瓯":{"x":"118.32","y":"27.05"},"浦城":{"x":"118.55","y":"27.92"},"邵武":{"x":"117.48","y":"27.34"},"顺昌":{"x":"117.8","y":"26.8"},"崇安":{"x":"118.02","y":"27.76"},"光泽":{"x":"117.34","y":"27.54"},"松溪":{"x":"118.77","y":"27.53"},"政和":{"x":"118.85","y":"27.38"},"宁德":{"x":"119.52","y":"26.65"},"福安":{"x":"119.65","y":"27.09"},"连江":{"x":"119.53","y":"26.2"},"福鼎":{"x":"120.2","y":"27.34"},"霞浦":{"x":"120","y":"26.89"},"吉田":{"x":"118.74","y":"26.59"},"罗源":{"x":"119.55","y":"26.49"},"寿宁":{"x":"119.5","y":"27.47"},"周宁":{"x":"119.36","y":"27.12"},"屏南":{"x":"118.98","y":"26.92"},"柘荣":{"x":"119.89","y":"27.25"},"莆田":{"x":"119","y":"25.44"},"仙游":{"x":"118.7","y":"25.37"},"福清":{"x":"119.39","y":"25.73"},"长乐":{"x":"119.52","y":"25.96"},"永泰":{"x":"118.95","y":"25.88"},"平潭":{"x":"119.78","y":"25.51"},"闽清":{"x":"118.86","y":"26.21"},"泉州":{"x":"118.58","y":"24.93"},"晋江":{"x":"118.57","y":"24.82"},"南安":{"x":"118.39","y":"24.96"},"惠安":{"x":"118.78","y":"25.04"},"安溪":{"x":"118.18","y":"25.07"},"永春":{"x":"118.3","y":"25.34"},"德化":{"x":"118.24","y":"25.5"},"金门":{"x":"118.34","y":"24.43"},"漳州":{"x":"117.35","y":"24.52"},"龙海":{"x":"117.79","y":"24.44"},"漳浦":{"x":"117.61","y":"24.12"},"诏安":{"x":"117.16","y":"23.73"},"平和":{"x":"117.3","y":"24.38"},"云霄":{"x":"117.34","y":"23.99"},"南靖":{"x":"117.35","y":"24.51"},"长泰":{"x":"117.75","y":"24.62"},"东山":{"x":"117.4","y":"23.72"},"华安":{"x":"117.53","y":"25"},"龙岩":{"x":"117.01","y":"25.12"},"上杭":{"x":"116.41","y":"25.43"},"永定":{"x":"116.81","y":"24.76"},"长汀":{"x":"116.37","y":"25.85"},"武平":{"x":"116.1","y":"25.11"},"连城":{"x":"116.75","y":"25.72"},"漳平":{"x":"117.4","y":"25.3"},"三明":{"x":"117.61","y":"26.23"},"龙溪":{"x":"118.17","y":"26.18"},"宁化":{"x":"116.64","y":"26.26"},"大田":{"x":"117.83","y":"25.69"},"永安":{"x":"117.37","y":"25.97"},"沙县":{"x":"117.77","y":"26.41"},"将乐":{"x":"117.45","y":"26.73"},"清流":{"x":"116.81","y":"26.12"},"建宁":{"x":"116.82","y":"26.85"},"泰宁":{"x":"117.15","y":"26.92"},"明溪":{"x":"117.18","y":"26.36"}},"山东":{"济南":{"x":"117","y":"36.65"},"历城":{"x":"117.07","y":"36.69"},"长清":{"x":"116.73","y":"36.55"},"章丘":{"x":"117.53","y":"36.72"},"青岛":{"x":"120.33","y":"36.07"},"崂山":{"x":"120.42","y":"36.15"},"胶南":{"x":"119.97","y":"35.88"},"即墨":{"x":"120.45","y":"36.38"},"胶县":{"x":"120","y":"36.28"},"淄博":{"x":"118.05","y":"36.78"},"枣庄":{"x":"117.57","y":"34.86"},"滕县":{"x":"117.17","y":"35.09"},"东营":{"x":"118.49","y":"37.46"},"垦利":{"x":"118.54","y":"37.59"},"利津":{"x":"118.25","y":"37.49"},"德州":{"x":"116.29","y":"37.45"},"宁津":{"x":"116.8","y":"37.64"},"乐陵":{"x":"117.22","y":"37.74"},"商河":{"x":"117.15","y":"37.31"},"济阳":{"x":"117.2","y":"36.97"},"禹城":{"x":"116.66","y":"36.95"},"夏津":{"x":"116","y":"36.95"},"陵县":{"x":"116.58","y":"37.34"},"庆云":{"x":"117.37","y":"37.37"},"临邑":{"x":"116.86","y":"37.2"},"齐河":{"x":"116.76","y":"36.79"},"平原":{"x":"116.44","y":"37.16"},"武城":{"x":"116.08","y":"37.2"},"滨州":{"x":"118.03","y":"37.36"},"滨县":{"x":"117.97","y":"37.47"},"广饶":{"x":"118.41","y":"37.04"},"桓台":{"x":"118.12","y":"36.95"},"邹平":{"x":"117.75","y":"36.89"},"阳信":{"x":"117.58","y":"37.65"},"沾化":{"x":"118.14","y":"37.7"},"博兴":{"x":"118.12","y":"37.12"},"高青":{"x":"117.66","y":"37.18"},"惠民":{"x":"117.51","y":"17.49"},"无棣":{"x":"117.58","y":"37.73"},"潍坊":{"x":"119.1","y":"36.62"},"潍县":{"x":"119.22","y":"36.77"},"平度":{"x":"119.97","y":"36.77"},"诸城":{"x":"119.42","y":"35.99"},"安丘":{"x":"119.2","y":"36.42"},"临朐":{"x":"118.53","y":"36.5"},"寿光":{"x":"118.73","y":"36.86"},"昌邑":{"x":"119.41","y":"36.86"},"高密":{"x":"119.75","y":"36.38"},"五莲":{"x":"119.2","y":"35.74"},"昌乐":{"x":"118.83","y":"36.69"},"高都":{"x":"118.47","y":"36.69"},"烟台":{"x":"121.39","y":"37.52"},"牟平":{"x":"121.59","y":"37.38"},"文登":{"x":"122.05","y":"37.2"},"海阳":{"x":"121.17","y":"36.76"},"莱阳":{"x":"120.71","y":"36.97"},"栖霞":{"x":"120.83","y":"37.28"},"掖县":{"x":"119.93","y":"37.18"},"长岛":{"x":"120.73","y":"37.91"},"威海":{"x":"122.1","y":"37.5"},"福山":{"x":"121.27","y":"37.49"},"荣成":{"x":"122.41","y":"37.16"},"乳山":{"x":"121.52","y":"36.89"},"莱西":{"x":"120.53","y":"36.86"},"招远":{"x":"120.38","y":"37.35"},"黄县":{"x":"120.51","y":"37.64"},"蓬莱":{"x":"120.75","y":"37.8"},"临沂":{"x":"118.35","y":"35.05"},"沂水":{"x":"118.64","y":"35.78"},"日照":{"x":"119.46","y":"35.42"},"临沭":{"x":"118.73","y":"34.89"},"仓山":{"x":"118.03","y":"34.84"},"平邑":{"x":"117.63","y":"35.49"},"沂源":{"x":"118.17","y":"36.18"},"沂南":{"x":"118.47","y":"35.54"},"营县":{"x":"118.83","y":"35.57"},"莒南":{"x":"118.83","y":"35.17"},"郯城":{"x":"118.35","y":"34.61"},"费县":{"x":"117.97","y":"35.26"},"蒙阴":{"x":"117.95","y":"35.7"},"泰安":{"x":"117.13","y":"36.18"},"莱芜":{"x":"117.67","y":"36.19"},"肥城":{"x":"116.76","y":"36.24"},"平阴":{"x":"116.46","y":"36.29"},"新汶":{"x":"117.67","y":"35.86"},"新泰":{"x":"117.76","y":"35.91"},"宁阳":{"x":"116.8","y":"35.76"},"东平":{"x":"116.3","y":"35.91"},"济宁":{"x":"116.59","y":"35.38"},"兖州":{"x":"116.83","y":"35.54"},"泗水":{"x":"117.27","y":"35.65"},"鱼台":{"x":"116.65","y":"35"},"嘉祥":{"x":"116.34","y":"35.41"},"汶上":{"x":"116.49","y":"35.71"},"曲阜":{"x":"116.98","y":"35.59"},"邹县":{"x":"116.97","y":"35.39"},"微山":{"x":"117.12","y":"34.8"},"金乡":{"x":"116.32","y":"35.07"},"荷泽":{"x":"115.43","y":"35.24"},"郓城":{"x":"115.94","y":"35.59"},"巨野":{"x":"116.08","y":"35.38"},"单县":{"x":"116.07","y":"34.82"},"曹县":{"x":"115.53","y":"34.83"},"鄄城":{"x":"115.5","y":"35.57"},"梁山":{"x":"116.1","y":"35.8"},"成武":{"x":"115.88","y":"34.97"},"定陶":{"x":"115.57","y":"35.07"},"东明":{"x":"115.08","y":"35.31"},"聊城":{"x":"115.97","y":"36.45"},"高唐":{"x":"116.23","y":"36.86"},"东阿":{"x":"116.23","y":"36.32"},"莘县":{"x":"115.67","y":"36.24"},"临清":{"x":"115.72","y":"36.68"},"茌平":{"x":"116.27","y":"36.58"},"阳谷":{"x":"115.78","y":"36.11"},"冠县":{"x":"115.45","y":"35.47"}},"河南":{"郑州":{"x":"113.65","y":"34.76"},"荥阳":{"x":"113.35","y":"34.79"},"开封":{"x":"114.35","y":"34.79"},"平顶山":{"x":"113.29","y":"33.75"},"洛阳":{"x":"112.44","y":"34.7"},"焦作":{"x":"113.21","y":"35.24"},"鹤壁":{"x":"114.17","y":"35.9"},"杞县":{"x":"114.77","y":"34.56"},"尉氏":{"x":"114.17","y":"34.41"},"新郑":{"x":"113.71","y":"34.4"},"登封":{"x":"113.02","y":"34.46"},"通许":{"x":"114.46","y":"34.48"},"中牟":{"x":"114","y":"34.73"},"密县":{"x":"113.35","y":"34.51"},"巩县":{"x":"112.96","y":"34.76"},"兰考":{"x":"114.81","y":"34.69"},"新乡":{"x":"113.85","y":"35.31"},"汲县":{"x":"114.05","y":"35.44"},"封丘":{"x":"114.04","y":"35.03"},"获嘉":{"x":"113.63","y":"35.27"},"温贺":{"x":"113.06","y":"34.94"},"济源":{"x":"112.57","y":"35.08"},"博爱":{"x":"113.05","y":"35.16"},"辉县":{"x":"113.77","y":"35.46"},"延津":{"x":"114.19","y":"35.14"},"原阳":{"x":"113.96","y":"35.05"},"武陟":{"x":"113.38","y":"35.1"},"孟县":{"x":"112.77","y":"34.92"},"沁阳":{"x":"112.92","y":"35.08"},"修武":{"x":"113.42","y":"35.24"},"安阳":{"x":"114.35","y":"36.1"},"南乐":{"x":"115.21","y":"36.08"},"范县":{"x":"115.46","y":"35.9"},"台前":{"x":"115.83","y":"36"},"滑县":{"x":"114.52","y":"35.57"},"浚县":{"x":"114.54","y":"35.67"},"淇县":{"x":"114.17","y":"35.6"},"内黄":{"x":"114.88","y":"35.95"},"清丰":{"x":"115.1","y":"35.89"},"濮阳":{"x":"114.98","y":"35.71"},"长垣":{"x":"114.67","y":"35.19"},"汤阴":{"x":"114.35","y":"35.92"},"林县":{"x":"113.81","y":"36.06"},"商丘":{"x":"115.65","y":"34.44"},"夏邑":{"x":"116.13","y":"34.22"},"柘城":{"x":"115.29","y":"34.08"},"睢县":{"x":"115.04","y":"34.46"},"虞城":{"x":"115.87","y":"34.4"},"永城":{"x":"116.37","y":"33.94"},"宁陵":{"x":"115.31","y":"34.44"},"民权":{"x":"115.13","y":"34.65"},"周口":{"x":"114.63","y":"33.63"},"商水":{"x":"114.59","y":"33.54"},"扶沟":{"x":"114.38","y":"34.05"},"鹿邑":{"x":"115.48","y":"33.86"},"淮阳":{"x":"114.88","y":"33.74"},"沈丘":{"x":"115.06","y":"33.41"},"西华":{"x":"114.5","y":"33.79"},"太康":{"x":"114.85","y":"34.06"},"郸城":{"x":"115.17","y":"33.63"},"项城":{"x":"114.9","y":"33.44"},"许昌":{"x":"113.81","y":"34.02"},"鄢县":{"x":"114.17","y":"34.11"},"郾城":{"x":"113.98","y":"33.6"},"襄城":{"x":"113.46","y":"33.86"},"鲁山":{"x":"112.88","y":"33.74"},"郏县":{"x":"113.19","y":"33.98"},"漯河":{"x":"114.02","y":"33.56"},"长葛":{"x":"113.77","y":"34.22"},"临颖":{"x":"113.94","y":"33.81"},"舞阳":{"x":"113.58","y":"33.44"},"叶县":{"x":"113.35","y":"33.62"},"宝丰":{"x":"113.04","y":"33.86"},"禹县":{"x":"113.47","y":"34.16"},"驻马店":{"x":"114.02","y":"32.98"},"确山":{"x":"114.02","y":"32.83"},"西平":{"x":"114","y":"33.38"},"汝南":{"x":"114.35","y":"33"},"新蔡":{"x":"114.97","y":"32.75"},"泌阳":{"x":"113.31","y":"32.72"},"遂平":{"x":"113.98","y":"33.15"},"上蔡":{"x":"114.26","y":"33.25"},"平舆":{"x":"114.62","y":"32.97"},"正阳":{"x":"114.38","y":"32.62"},"信阳":{"x":"114.08","y":"32.13"},"息县":{"x":"114.72","y":"32.35"},"固始":{"x":"115.68","y":"32.17"},"潢川":{"x":"115.04","y":"32.13"},"新县":{"x":"114.83","y":"31.62"},"罗山":{"x":"114.53","y":"32.21"},"淮滨":{"x":"115.41","y":"32.44"},"商城":{"x":"115.42","y":"31.81"},"光山":{"x":"114.91","y":"32.02"},"南阳":{"x":"112.53","y":"33.01"},"方城":{"x":"112.98","y":"33.25"},"唐河":{"x":"112.83","y":"32.7"},"新野":{"x":"112.36","y":"32.51"},"邓县":{"x":"112.08","y":"32.68"},"淅川":{"x":"111.47","y":"33.14"},"南召":{"x":"112.4","y":"33.49"},"社旗":{"x":"112.92","y":"33.05"},"桐柏":{"x":"113.4","y":"32.37"},"镇平":{"x":"112.23","y":"33.03"},"内乡":{"x":"111.83","y":"33.05"},"西峡":{"x":"111.5","y":"33.31"},"三门峡":{"x":"111.19","y":"34.76"},"孟津":{"x":"112.42","y":"34.84"},"临汝":{"x":"112.83","y":"34.17"},"汝阳":{"x":"112.46","y":"34.16"},"嵩县":{"x":"112.07","y":"34.14"},"栾川":{"x":"111.6","y":"33.81"},"灵宝":{"x":"110.85","y":"34.52"},"渑池":{"x":"111.75","y":"34.76"},"义马":{"x":"111.92","y":"34.73"},"偃师":{"x":"112.77","y":"34.73"},"伊川":{"x":"112.42","y":"34.43"},"宜阳":{"x":"112.15","y":"34.51"},"洛宁":{"x":"111.65","y":"34.39"},"卢氏":{"x":"111.03","y":"34.06"},"陕县":{"x":"111.19","y":"34.76"},"新安":{"x":"112.14","y":"34.75"}},"湖北":{"武汉":{"x":"114.31","y":"30.52"},"武昌":{"x":"114.33","y":"30.35"},"汉阳":{"x":"114.02","y":"30.57"},"黄石":{"x":"115.09","y":"30.2"},"十堰":{"x":"110.79","y":"32.65"},"沙市":{"x":"112.24","y":"30.32"},"宜昌":{"x":"111.3","y":"30.7"},"襄樊":{"x":"112.14","y":"30.02"},"孝感":{"x":"113.91","y":"31.92"},"黄陂":{"x":"114.36","y":"30.88"},"汉川":{"x":"113.59","y":"30.63"},"云梦":{"x":"113.73","y":"31.02"},"应山":{"x":"113.81","y":"31.62"},"大悟":{"x":"114.09","y":"31.56"},"应城":{"x":"113.6","y":"30.94"},"安陆":{"x":"113.69","y":"31.25"},"鄂城":{"x":"114.87","y":"30.38"},"黄冈":{"x":"114.87","y":"30.44"},"新洲":{"x":"114.8","y":"31.84"},"红安":{"x":"114.61","y":"31.29"},"麻城":{"x":"115","y":"31.17"},"罗川":{"x":"115.37","y":"30.79"},"浠水":{"x":"115.22","y":"30.46"},"蕲春":{"x":"115.3","y":"30.24"},"黄梅":{"x":"115.93","y":"30.09"},"广济":{"x":"115.56","y":"29.85"},"英山":{"x":"115.57","y":"30.75"},"咸宁":{"x":"114.28","y":"29.87"},"阳新":{"x":"115.22","y":"29.83"},"通山":{"x":"114.52","y":"29.6"},"通城":{"x":"113.8","y":"29.23"},"嘉鱼":{"x":"113.91","y":"29.97"},"崇阳":{"x":"114.04","y":"29.54"},"蒲圻":{"x":"113.85","y":"29.71"},"荆门":{"x":"112.19","y":"31.02"},"江陵":{"x":"112.18","y":"30.35"},"钟祥":{"x":"112.58","y":"31.17"},"京山":{"x":"113.11","y":"31.03"},"监利":{"x":"112.9","y":"29.83"},"石首":{"x":"112.41","y":"29.73"}},"湖南":{"长沙":{"x":"113","y":"28.21"},"望城":{"x":"112.8","y":"28.37"},"株洲":{"x":"113.16","y":"27.83"},"湘潭":{"x":"112.91","y":"27.87"},"衡阳":{"x":"112.39","y":"26.98"},"邵阳":{"x":"111.5","y":"27.22"},"岳阳":{"x":"113.09","y":"29.37"},"临湘":{"x":"113.42","y":"29.48"},"平江":{"x":"113.56","y":"29.71"},"泪罗":{"x":"113.05","y":"28.8"},"湘阴":{"x":"112.87","y":"28.68"},"华容":{"x":"112.55","y":"29.52"},"浏阳":{"x":"113.63","y":"28.16"},"醴陵":{"x":"113.5","y":"27.67"},"攸县":{"x":"113.32","y":"27.01"},"茶陵":{"x":"113.54","y":"26.79"},"酃县":{"x":"113.77","y":"26.49"},"湘乡":{"x":"112.5","y":"27.75"},"郴州":{"x":"113","y":"25.79"},"郴县":{"x":"113","y":"25.79"},"安仁":{"x":"113.27","y":"26.71"},"永兴":{"x":"113.11","y":"26.13"},"资兴":{"x":"113.39","y":"25.95"},"桂东":{"x":"113.91","y":"25.08"},"汝城":{"x":"113.68","y":"25.54"},"宜章":{"x":"113.96","y":"25.41"},"临武":{"x":"112.55","y":"25.27"},"嘉禾":{"x":"112.35","y":"25.56"},"桂阳":{"x":"112.72","y":"25.73"},"来阳":{"x":"112.84","y":"26.41"},"衡南":{"x":"112.61","y":"26.89"},"衡山":{"x":"112.86","y":"27.25"},"衡东":{"x":"112.95","y":"27.1"},"常宁":{"x":"112.39","y":"26.38"},"祁阳":{"x":"111.85","y":"26.59"},"祁东":{"x":"112.14","y":"26.8"},"永州":{"x":"111.63","y":"26.22"},"零陵":{"x":"111.63","y":"26.22"},"新田":{"x":"112.21","y":"25.91"},"宁远":{"x":"111.95","y":"25.6"},"蓝山":{"x":"112.16","y":"25.37"},"双牌":{"x":"111.64","y":"25.96"},"江永":{"x":"111.33","y":"25.41"},"道县":{"x":"111.57","y":"25.52"},"东安":{"x":"111.28","y":"26.41"},"江华":{"x":"111.79","y":"24.97"},"新宁":{"x":"110.84","y":"26.44"},"武冈":{"x":"110.61","y":"26.73"},"隆回":{"x":"111.04","y":"27.13"},"绥宁":{"x":"110.14","y":"25.59"},"洞口":{"x":"110.57","y":"27.06"},"城步":{"x":"110.3","y":"26.37"},"娄底":{"x":"111.96","y":"27.71"},"涟源":{"x":"111.66","y":"27.68"},"新邵":{"x":"111.46","y":"27.33"},"双峰":{"x":"112.18","y":"27.44"},"冷水江":{"x":"111.41","y":"27.68"},"邵东":{"x":"111.73","y":"27.25"},"新化":{"x":"111.29","y":"27.73"},"怀化":{"x":"109.95","y":"27.52"},"黔阳":{"x":"110.14","y":"27.33"},"辰溪":{"x":"110.18","y":"28.02"},"沅陵":{"x":"110.39","y":"28.46"},"溆浦":{"x":"110.57","y":"27.92"},"会同":{"x":"109.71","y":"26.86"},"靖县":{"x":"109.68","y":"26.57"},"洪江":{"x":"109.96","y":"27.1"},"芷江":{"x":"109.78","y":"27.44"},"麻阳":{"x":"109.79","y":"27.87"},"通道":{"x":"109.77","y":"26.16"},"新晃":{"x":"109.16","y":"27.37"},"吉首":{"x":"109.71","y":"28.3"},"永顺":{"x":"109.84","y":"29"},"桑植":{"x":"110.16","y":"29.38"},"大庸":{"x":"110.48","y":"29.13"},"古丈":{"x":"109.91","y":"28.62"},"泸溪":{"x":"110.73","y":"28.29"},"凤凰":{"x":"109.43","y":"27.92"},"花垣":{"x":"109.46","y":"28.59"},"保靖":{"x":"109.64","y":"28.7"},"龙山":{"x":"109.42","y":"29.64"},"常德":{"x":"111.69","y":"29.05"},"临澧":{"x":"111.64","y":"29.44"},"澧县":{"x":"111.75","y":"29.65"},"安乡":{"x":"112.16","y":"29.41"},"津市":{"x":"111.87","y":"29.64"},"汉寿":{"x":"111.97","y":"28.9"},"桃源":{"x":"111.47","y":"28.9"},"慈利":{"x":"111.09","y":"29.41"},"石门":{"x":"111.35","y":"29.59"},"益阳":{"x":"112.33","y":"28.6"},"南县":{"x":"112.39","y":"29.37"},"沅江":{"x":"112.36","y":"28.83"},"宁乡":{"x":"112.55","y":"28.27"},"安化":{"x":"111.2","y":"28.38"},"桃江":{"x":"112.11","y":"28.51"}},"广东":{"广州":{"x":"113.23","y":"23.16"},"花县":{"x":"113.19","y":"23.4"},"新十":{"x":"114.2","y":"24.09"},"增城":{"x":"113.81","y":"23.13"},"从化":{"x":"113.55","y":"23.57"},"龙门":{"x":"114.25","y":"23.75"},"番禺":{"x":"113.36","y":"22.95"},"海口":{"x":"110.35","y":"20.02"},"汕头":{"x":"116.69","y":"23.39"},"洪江":{"x":"110.38","y":"21.2"},"茂名":{"x":"110.88","y":"21.68"},"佛山":{"x":"113.11","y":"23.05"},"江门":{"x":"113.06","y":"22.61"},"深圳":{"x":"114.07","y":"22.62"},"宝安":{"x":"113.85","y":"22.58"},"珠海":{"x":"113.52","y":"22.3"},"韶关":{"x":"113.62","y":"24.84"},"曲江":{"x":"113.58","y":"24.68"},"乐昌":{"x":"113.35","y":"25.14"},"仁化":{"x":"113.73","y":"25.11"},"南雄":{"x":"114.33","y":"25.14"},"始兴":{"x":"114.08","y":"24.78"},"翁源":{"x":"114.13","y":"24.36"},"佛岗":{"x":"113.52","y":"23.86"},"英德":{"x":"113.38","y":"24.17"},"清远":{"x":"113.01","y":"23.7"},"阳山":{"x":"112.65","y":"24.48"},"连县":{"x":"112.4","y":"24.77"},"连山":{"x":"112.07","y":"24.59"},"连南":{"x":"112.28","y":"24.77"},"惠州":{"x":"114.4","y":"23.09"},"惠阳":{"x":"114.4","y":"23.09"},"博罗":{"x":"114.28","y":"23.18"},"河源":{"x":"114.68","y":"23.73"},"连平":{"x":"114.48","y":"24.39"},"和平":{"x":"114.89","y":"24.45"},"龙川":{"x":"115.25","y":"24.09"},"紫金":{"x":"115.18","y":"23.64"},"惠东":{"x":"114.7","y":"22.97"},"东莞":{"x":"113.75","y":"23.04"},"梅州":{"x":"116.1","y":"24.55"},"梅县":{"x":"116.1","y":"24.55"},"平远":{"x":"117.9","y":"24.59"},"蕉岭":{"x":"116.18","y":"24.66"},"大埔":{"x":"116.7","y":"24.34"},"丰顺":{"x":"116.18","y":"23.78"},"五华":{"x":"115.75","y":"23.93"},"兴宁":{"x":"115.75","y":"24.15"},"潮州":{"x":"116.63","y":"23.68"},"澄海":{"x":"116.8","y":"23.48"},"潮安":{"x":"116.63","y":"23.68"},"饶平":{"x":"117.01","y":"23.7"},"南澳":{"x":"117.03","y":"23.44"},"潮阳":{"x":"116.61","y":"23.27"},"惠来":{"x":"116.29","y":"23.07"},"陆丰":{"x":"117.64","y":"22.95"},"海丰":{"x":"117.33","y":"22.98"},"普宁":{"x":"116.17","y":"23.29"},"揭西":{"x":"115.82","y":"23.45"},"揭阳":{"x":"116.35","y":"23.55"},"南海":{"x":"113.11","y":"23.05"},"三水":{"x":"112.89","y":"23.18"},"顺德":{"x":"113.24","y":"22.84"},"中山":{"x":"113.38","y":"22.52"},"斗门":{"x":"113.25","y":"22.2"},"新会":{"x":"113.02","y":"22.52"},"鹤山":{"x":"112.94","y":"22.76"},"开平":{"x":"112.68","y":"22.36"},"台山":{"x":"112.78","y":"22.27"},"恩平":{"x":"112.29","y":"22.21"},"高明":{"x":"112.76","y":"21.71"},"廉江":{"x":"110.27","y":"21.63"},"化州":{"x":"110.59","y":"21.64"},"高州":{"x":"110.83","y":"21.95"},"信宜":{"x":"110.9","y":"22.36"},"阳春":{"x":"111.78","y":"22.16"},"阳江":{"x":"111.95","y":"21.85"},"电白":{"x":"110.99","y":"21.52"},"吴川":{"x":"110.78","y":"21.43"},"徐闻":{"x":"110.17","y":"20.34"},"海康":{"x":"110.07","y":"20.91"},"遂溪":{"x":"110.24","y":"21.39"},"肇庆":{"x":"112.44","y":"23.05"},"高要":{"x":"112.44","y":"23.05"},"怀集":{"x":"112.18","y":"23.93"},"广宁":{"x":"112.43","y":"23.14"},"四会":{"x":"112.68","y":"23.36"},"新兴":{"x":"112.2","y":"22.68"},"云浮":{"x":"112.02","y":"22.93"},"罗定":{"x":"111.56","y":"22.77"},"郁南":{"x":"111.51","y":"23.23"},"德庆":{"x":"111.75","y":"23.15"},"封开":{"x":"111.48","y":"23.45"}},"海南":{"海口":{"x":"110.35","y":"20.02"},"琼山":{"x":"110.33","y":"19.98"},"文昌":{"x":"110.72","y":"19.61"},"定安":{"x":"110.31","y":"19.68"},"琼海":{"x":"110.46","y":"19.25"},"万宁":{"x":"110.39","y":"18.8"},"屯昌":{"x":"110.1","y":"19.36"},"澄迈":{"x":"110","y":"19.75"},"儋县":{"x":"109.57","y":"19.52"},"临高":{"x":"109.69","y":"19.91"},"保亭":{"x":"109.7","y":"18.64"},"白沙":{"x":"109.44","y":"19.23"},"琼中":{"x":"109.83","y":"19.05"},"陵水":{"x":"110.02","y":"18.48"},"崖县":{"x":"109.5","y":"18.25"},"乐东":{"x":"109.17","y":"18.73"},"东方":{"x":"108.64","y":"19.09"},"昌江":{"x":"109.03","y":"19.25"}},"四川":{"成都":{"x":"104.06","y":"30.67"},"金堂":{"x":"104.32","y":"30.88"},"双流":{"x":"104.94","y":"30.57"},"蒲江":{"x":"103.29","y":"30.2"},"郫县":{"x":"103.86","y":"30.8"},"新都":{"x":"104.13","y":"30.82"},"来易":{"x":"102.15","y":"26.9"},"盐边":{"x":"101.56","y":"26.9"},"温江":{"x":"103.81","y":"30.97"},"灌县":{"x":"103.61","y":"31.04"},"彭县":{"x":"103.94","y":"30.99"},"什邡":{"x":"104.16","y":"31.13"},"广汉":{"x":"104.25","y":"30.99"},"新津":{"x":"103.78","y":"30.42"},"邛崃":{"x":"103.47","y":"30.42"},"大邑":{"x":"103.53","y":"30.58"},"崇庆":{"x":"103.69","y":"30.63"},"绵阳":{"x":"104.73","y":"31.48"},"江油":{"x":"104.7","y":"31.8"},"青川":{"x":"105.21","y":"32.59"},"平武":{"x":"104.52","y":"32.42"},"光元":{"x":"105.86","y":"32.44"},"旺苍":{"x":"106.33","y":"32.25"},"剑阁":{"x":"105.45","y":"32.03"},"梓潼":{"x":"105.16","y":"31.64"},"三台":{"x":"105.06","y":"31.1"},"盐亭":{"x":"105.35","y":"31.23"},"射洪":{"x":"105.31","y":"30.9"},"遂宁":{"x":"105.58","y":"30.52"},"蓬溪":{"x":"105.74","y":"30.78"},"中江":{"x":"104.68","y":"31.06"},"德阳":{"x":"104.37","y":"31.13"},"绵竹":{"x":"104.19","y":"31.32"},"安县":{"x":"104.41","y":"31.64"},"北川":{"x":"104.44","y":"31.89"},"内江":{"x":"105.04","y":"29.59"},"乐至":{"x":"105.02","y":"30.3"},"安岳":{"x":"105.3","y":"30.12"},"威远":{"x":"104.7","y":"29.57"},"资中":{"x":"104.85","y":"29.81"},"资阳":{"x":"104.6","y":"30.19"},"简阳":{"x":"104.53","y":"30.38"},"隆昌":{"x":"105.25","y":"29.64"},"宜宾":{"x":"104.56","y":"29.77"},"富顺":{"x":"104.97","y":"29.24"},"南溪":{"x":"104.96","y":"28.87"},"江安":{"x":"105.06","y":"28.71"},"纳溪":{"x":"105.38","y":"28.77"},"泸县":{"x":"105.46","y":"28.96"},"合江":{"x":"105.78","y":"28.79"},"泸州":{"x":"105.39","y":"28.91"},"古蔺":{"x":"105.79","y":"28.03"},"叙水":{"x":"105.44","y":"28.19"},"长宁":{"x":"104.91","y":"28.6"},"兴文":{"x":"105.06","y":"28.36"},"琪县":{"x":"104.81","y":"28.38"},"高县":{"x":"104.52","y":"28.4"},"筠连":{"x":"104.53","y":"28.16"},"屏由":{"x":"104.15","y":"28.68"},"乐由":{"x":"103.73","y":"29.59"},"夹江":{"x":"103.59","y":"29.75"},"洪雅":{"x":"103.38","y":"29.95"},"丹棱":{"x":"103.53","y":"30.04"},"青神":{"x":"103.81","y":"29.86"},"眉由":{"x":"103.81","y":"30.05"},"彭由":{"x":"103.83","y":"30.22"},"井研":{"x":"104.06","y":"29.67"},"仁寿":{"x":"104.09","y":"30"},"犍为":{"x":"103.93","y":"29.21"},"沐川":{"x":"103.98","y":"28.96"},"娥眉":{"x":"103.5","y":"29.62"},"马边":{"x":"103.53","y":"28.87"},"峨边":{"x":"103.25","y":"29.23"},"金口":{"x":"103.13","y":"29.24"},"涪陵":{"x":"107.36","y":"29.7"},"垫江":{"x":"107.34","y":"30.36"},"丰都":{"x":"107.7","y":"29.89"},"石柱":{"x":"108.13","y":"29.98"},"秀山":{"x":"108.97","y":"28.47"},"西阳":{"x":"108.75","y":"28.85"},"黔江":{"x":"108.81","y":"29.53"},"彭水":{"x":"108.19","y":"29.29"},"武隆":{"x":"108.72","y":"29.29"},"南川":{"x":"107.13","y":"29.15"},"万县":{"x":"108.35","y":"30.83"},"开县":{"x":"108.39","y":"31.23"},"城口":{"x":"108.67","y":"31.98"},"巫溪":{"x":"109.6","y":"31.42"},"巫山":{"x":"109.86","y":"31.1"},"奉节":{"x":"109.52","y":"31.06"},"云阳":{"x":"108.89","y":"30.99"},"忠县":{"x":"108.03","y":"30.33"},"梁平":{"x":"107.78","y":"30.66"},"南允":{"x":"106.06","y":"30.8"},"苍溪":{"x":"105.96","y":"31.75"},"阆中":{"x":"105.97","y":"31.75"},"仪陇":{"x":"106.38","y":"31.52"},"南部":{"x":"106.03","y":"31.34"},"西允":{"x":"105.84","y":"31.01"},"营山":{"x":"106.57","y":"31.07"},"蓬安":{"x":"106.44","y":"31.04"},"广安":{"x":"106.61","y":"30.48"},"岳池":{"x":"106.43","y":"30.55"},"武胜":{"x":"106.3","y":"30.38"},"华云":{"x":"106.74","y":"30.41"},"达县":{"x":"107.49","y":"31.23"},"万源":{"x":"108.06","y":"32.07"},"宜汉":{"x":"107.71","y":"31.39"},"开江":{"x":"107.87","y":"31.1"},"邻水":{"x":"106.91","y":"30.36"},"大竹":{"x":"107.21","y":"30.75"},"渠县":{"x":"106.94","y":"30.85"},"南江":{"x":"106.83","y":"32.36"},"巴中":{"x":"106.73","y":"31.86"},"平昌":{"x":"107.11","y":"31.59"},"通江":{"x":"108.24","y":"31.95"},"百沙":{"x":"108.18","y":"32"},"雅安":{"x":"102.97","y":"29.97"},"芦山":{"x":"102.91","y":"30.17"},"名山":{"x":"103.06","y":"30.09"},"荣经":{"x":"102.81","y":"29.79"},"汉源":{"x":"102.66","y":"29.4"},"石棉":{"x":"102.38","y":"29.21"},"天全":{"x":"102.78","y":"30.09"},"宝兴":{"x":"102.84","y":"30.36"},"马尔康":{"x":"102.22","y":"31.92"},"红原":{"x":"102.55","y":"31.79"},"阿坝":{"x":"101.72","y":"31.93"},"若尔盖":{"x":"102.94","y":"33.62"},"黑水":{"x":"102.95","y":"32.06"},"松潘":{"x":"103.61","y":"32.64"},"南坪":{"x":"104.19","y":"33.23"},"汶川":{"x":"103.61","y":"31.46"},"理县":{"x":"103.16","y":"31.42"},"小金":{"x":"102.34 ","y":"30.97"},"金川 ":{"x":"102.03","y":"31.48"},"壤塘":{"x":"100.97","y":"32.3"},"茂汶":{"x":"103.89","y":"31.67"},"康定":{"x":"101.95","y":"30.04"},"炉霍":{"x":"100.65","y":"31.38"},"甘孜":{"x":"99.96","y":"31.64"},"新龙":{"x":"100.28","y":"30.96"},"白玉":{"x":"98.83","y":"32.23"},"德格":{"x":"98.57","y":"31.81"},"石渠":{"x":"98.06","y":"33.01"},"色达":{"x":"100.35","y":"32.3"},"泸定":{"x":"102.25","y":"29.92"},"丹巴":{"x":"101.87","y":"30.85"},"九龙":{"x":"101.53","y":"29.01"},"雅江":{"x":"101","y":"30.03"},"道孚":{"x":"101.14","y":"30.99"},"理塘":{"x":"100.28","y":"30.03"},"乡城":{"x":"99.78","y":"28.93"},"稻城":{"x":"100.31","y":"29.04"},"巴塘":{"x":"99","y":"30"},"得荣":{"x":"99.25","y":"28.71"},"西昌":{"x":"102.29","y":"27.92"},"昭觉":{"x":"102.83","y":"28.03"},"甘洛":{"x":"102.74","y":"28.96"},"雷波":{"x":"103.62","y":"28.21"},"宁南":{"x":"102.76","y":"27.07"},"会东":{"x":"102.55","y":"26.74"},"会理":{"x":"102.21","y":"26.67"},"德昌":{"x":"102.15","y":"27.4"},"美姑":{"x":"103.14","y":"28.33"},"金阳":{"x":"103.22","y":"27.73"},"布拖":{"x":"102.8","y":"27.7"},"普格":{"x":"102.52","y":"27.38"},"喜德":{"x":"102.42","y":"28.33"},"越西":{"x":"102.49","y":"28.66"},"盐源":{"x":"101.51","y":"27.42"},"冕宁":{"x":"102.15","y":"28.58"},"木里":{"x":"101.25","y":"27.9"}},"贵州":{"贵阳":{"x":"106.71","y":"26.57"},"六盘水":{"x":"104.82","y":"26.58"},"水城":{"x":"104.82","y":"26.58"},"盘县":{"x":"104.64","y":"25.81"},"六枝":{"x":"105.47","y":"26.21"},"遵义":{"x":"106.9","y":"27.7"},"绥阳":{"x":"107.19","y":"27.95"},"道真":{"x":"107.6","y":"28.89"},"凤冈":{"x":"107.72","y":"27.97"},"余庆":{"x":"107.88","y":"27.22"},"赤水":{"x":"105.69","y":"28.57"},"桐梓":{"x":"106.8","y":"28.16"},"正安":{"x":"107.43","y":"28.56"},"务川":{"x":"107.87","y":"28.54"},"湄潭":{"x":"107.5","y":"27.76"},"仁怀":{"x":"106.41","y":"27.81"},"习水":{"x":"106.2","y":"28.33"},"铜仁":{"x":"109.21","y":"27.73"},"玉屏":{"x":"108.91","y":"27.24"},"思南":{"x":"108.23","y":"27.94"},"德江":{"x":"108.13","y":"28.27"},"万山":{"x":"109.2","y":"27.52"},"江口":{"x":"108.82","y":"27.68"},"师阡":{"x":"108.24","y":"27.52"},"印江":{"x":"108.41","y":"28.02"},"沿河":{"x":"108.48","y":"28.57"},"松桃":{"x":"109.18","y":"28.17"},"毕节":{"x":"105.29","y":"27.32"},"黔西":{"x":"106.04","y":"27.03"},"织金":{"x":"105.76","y":"26.66"},"赫章":{"x":"104.71","y":"27.13"},"大方":{"x":"105.61","y":"27.16"},"金沙":{"x":"106.22","y":"27.46"},"钠雍":{"x":"105.38","y":"26.77"},"威宁":{"x":"104.28","y":"26.87"},"安顺":{"x":"105.92","y":"26.25"},"息烽":{"x":"106.73","y":"27.1"},"清镇":{"x":"106.46","y":"26.56"},"普定":{"x":"105.75","y":"26.32"},"开阳":{"x":"106.95","y":"27.06"},"修文":{"x":"106.59","y":"26.84"},"平坝":{"x":"106.26","y":"26.42"},"镇宁":{"x":"105.75","y":"26.08"},"紫云":{"x":"106.06","y":"25.75"},"关岭":{"x":"105.62","y":"25.94"},"兴义":{"x":"104.91","y":"25.1"},"普安":{"x":"104.96","y":"25.79"},"贞丰":{"x":"105.63","y":"25.39"},"望谟":{"x":"106.09","y":"25.17"},"册亭":{"x":"105.79","y":"25"},"安龙":{"x":"105.49","y":"25.11"},"兴仁":{"x":"105.18","y":"25.44"},"晴龙":{"x":"105.21","y":"25.83"},"凯里":{"x":"107.97","y":"26.59"},"施秉":{"x":"108.11","y":"27.03"},"镇远":{"x":"108.41","y":"27.06"},"天柱":{"x":"109.2","y":"26.89"},"剑河":{"x":"108.58","y":"26.64"},"黎平":{"x":"109.14","y":"26.24"},"从江":{"x":"108.9","y":"25.76"},"麻江":{"x":"107.58","y":"26.49"},"黄平":{"x":"107.89","y":"26.89"},"三穗":{"x":"108.68","y":"26.98"},"岑巩":{"x":"108.72","y":"27.21"},"锦屏":{"x":"109.18","y":"26.7"},"台江":{"x":"108.32","y":"26.68"},"榕江":{"x":"108.5","y":"25.94"},"雷山":{"x":"108.07","y":"26.38"},"丹寨":{"x":"107.79","y":"26.21"},"都匀":{"x":"107.53","y":"26.72"},"贵定":{"x":"107.22","y":"26.58"},"瓮安":{"x":"107.48","y":"27.08"},"平塘":{"x":"107.55","y":"25.83"},"长顺":{"x":"106.45","y":"26.03"},"惠水":{"x":"106.66","y":"26.14"},"荔波":{"x":"107.88","y":"25.42"},"福泉":{"x":"107.51","y":"26.7"},"独山":{"x":"107.54","y":"25.84"},"罗甸":{"x":"106.74","y":"25.43"},"龙里":{"x":"106.98","y":"26.46"},"三都":{"x":"107.86","y":"26"}},"云南":{"昆明":{"x":"102.73","y":"25.04"},"富民":{"x":"102.48","y":"25.21"},"晋宁":{"x":"102.58","y":"24.68"},"呈贡":{"x":"102.79","y":"24.9"},"安宁":{"x":"102.44","y":"24.95"},"昭通":{"x":"103.7","y":"29.32"},"永善":{"x":"103.63","y":"28.22"},"大关":{"x":"103.91","y":"27.74"},"彝良":{"x":"104.06","y":"27.61"},"鲁甸":{"x":"103.54","y":"27.21"},"绥江":{"x":"103.97","y":"28.58"},"盐津":{"x":"104.28","y":"28.08"},"威信":{"x":"105.05","y":"27.85"},"镇雄":{"x":"104.86","y":"27.42"},"巧家":{"x":"102.92","y":"26.9"},"永富":{"x":"104.38","y":"28.62"},"曲靖":{"x":"103.79","y":"25.51"},"宣威":{"x":"104.09","y":"26.24"},"富源":{"x":"104.24","y":"25.67"},"师宗":{"x":"103.97","y":"24.85"},"嵩明":{"x":"103.03","y":"25.35"},"会泽":{"x":"103.27","y":"26.41"},"沽益":{"x":"103.82","y":"25.62"},"罗平":{"x":"104.3","y":"24.88"},"陆良":{"x":"104.64","y":"25.04"},"宜良":{"x":"103.12","y":"24.9"},"马龙":{"x":"103.61","y":"25.41"},"路南":{"x":"103.24","y":"24.77"},"寻甸":{"x":"103.25","y":"25.56"},"玉溪":{"x":"102.52","y":"24.35"},"华宁":{"x":"102.93","y":"24.26"},"通海":{"x":"102.75","y":"24.09"},"澄江":{"x":"102.91","y":"24.68"},"江川":{"x":"102.73","y":"24.27"},"易门":{"x":"102.15","y":"24.67"},"元江":{"x":"102","y":"23.59"},"新平":{"x":"101.98","y":"24.06"},"峨山":{"x":"102.38","y":"24.16"},"思茅":{"x":"101","y":"22.79"},"普洱":{"x":"101.03","y":"23.07"},"镇沅":{"x":"100.88","y":"23.9"},"景东":{"x":"100.82","y":"24.42"},"景谷":{"x":"100.71","y":"23.5"},"黑江":{"x":"101.71","y":"23.4"},"澜沦":{"x":"99.97","y":"22.55"},"西盟":{"x":"99.47","y":"22.73"},"江城":{"x":"101.88","y":"22.58"},"孟连":{"x":"99.55","y":"22.32"},"临沦":{"x":"100.09","y":"23.88"},"云县":{"x":"100.12","y":"24.44"},"镇康":{"x":"99.02","y":"23.92"},"永德":{"x":"99.25","y":"24.03"},"凤庆":{"x":"99.92","y":"24.58"},"双江":{"x":"99.85","y":"23.45"},"沧源":{"x":"99.24","y":"23.15"},"耿马":{"x":"99.41","y":"23.56"},"保由":{"x":"99.18","y":"25.12"},"施甸":{"x":"99.15","y":"24.69"},"腾冲":{"x":"98.51","y":"25.01"},"昌宁":{"x":"99.61","y":"24.82"},"龙陵":{"x":"98.7","y":"24.58"},"丽江":{"x":"100.25","y":"26.86"},"华坪":{"x":"101.24","y":"26.63"},"永胜":{"x":"100.76","y":"26.71"},"宁蒗":{"x":"100.82","y":"27.29"},"文山":{"x":"104.24","y":"23.37"},"广南":{"x":"105.09","y":"24.05"},"西畴":{"x":"104.68","y":"23.42"},"麻栗坡":{"x":"104.71","y":"23.12"},"马关":{"x":"104.4","y":"23.01"},"丘北":{"x":"104.19","y":"24.03"},"砚山":{"x":"104.35","y":"23.62"},"富宁":{"x":"105.6","y":"23.62"},"个旧":{"x":"102.43","y":"23.35"},"弥勒":{"x":"103.43","y":"24.41"},"蒙自":{"x":"103.41","y":"23.36"},"元阳":{"x":"102.81","y":"23.17"},"红河":{"x":"102.42","y":"23.35"},"石屏":{"x":"102.48","y":"23.73"},"泸西":{"x":"103.76","y":"24.52"},"金平":{"x":"103.24","y":"22.77"},"开远":{"x":"103.23","y":"23.7"},"绿春":{"x":"102.42","y":"23.01"},"建水":{"x":"102.79","y":"23.64"},"河口":{"x":"103.98","y":"22.52"},"屏边":{"x":"103.67","y":"22.68"},"景淇":{"x":"100.79","y":"22"},"勐海":{"x":"100.5","y":"21.95"},"勐腊":{"x":"101.56","y":"21.48"},"楚雄":{"x":"101.54","y":"25.01"},"元谋":{"x":"101.85","y":"25.7"},"武定":{"x":"102.36","y":"25.55"},"禄丰":{"x":"102.08","y":"25.15"},"南华":{"x":"101.26","y":"25.21"},"大姚":{"x":"101.34","y":"25.73"},"永仁":{"x":"101.7","y":"26.07"},"禄劝":{"x":"102.45","y":"25.58"},"牟定":{"x":"101.58","y":"25.32"},"双柏":{"x":"101.67","y":"24.68"},"姚安":{"x":"101.24","y":"25.4"},"下关":{"x":"100.24","y":"25.45"},"剑川":{"x":"99.88","y":"26.53"},"洱源":{"x":"99.94","y":"26.1"},"宾川":{"x":"100.55","y":"25.82"},"弥渡":{"x":"100.52","y":"25.34"},"永平":{"x":"99.52","y":"25.45"},"鹤庆":{"x":"100.18","y":"26.55"},"大理":{"x":"100.19","y":"25.69"},"漾濞":{"x":"99.98","y":"25.68"},"云龙":{"x":"99.39","y":"25.9"},"祥云":{"x":"100.56","y":"25.48"},"巍山":{"x":"100.33","y":"25.23"},"南涧":{"x":"100.51","y":"25.04"},"潞西":{"x":"98.6","y":"24.41"},"陇川":{"x":"97.96","y":"24.33"},"盈江":{"x":"97.93","y":"24.69"},"畹町":{"x":"98.08","y":"24.08"},"瑞丽":{"x":"97.83","y":"24"},"梁河":{"x":"98.3","y":"24.78"},"泸水":{"x":"98.82","y":"25.97"},"碧江":{"x":"98.95","y":"26.55"},"福贡":{"x":"98.92","y":"26.89"},"兰坪":{"x":"99.29","y":"26.49"},"贡山":{"x":"98.65","y":"27.73"},"中甸":{"x":"99.72","y":"27.78"},"德钦":{"x":"98.93","y":"28.49"},"维西":{"x":"99.27","y":"27.15"}},"江西":{"南昌":{"x":"115.89","y":"28.68"},"新建":{"x":"115.8","y":"28.69"},"景德镇":{"x":"117.22","y":"29.3"},"萍乡":{"x":"113.85","y":"27.6"},"九江":{"x":"115.97","y":"29.71"},"彭泽":{"x":"116.56","y":"29.9"},"湖口":{"x":"116.23","y":"29.75"},"都昌":{"x":"116.19","y":"29.29"},"星子":{"x":"116.03","y":"29.47"},"永修":{"x":"115.82","y":"29.04"},"德安":{"x":"115.75","y":"29.33"},"瑞昌":{"x":"115.65","y":"29.68"},"武宁":{"x":"115.09","y":"29.26"},"修永":{"x":"114.55","y":"29.04"},"上饶":{"x":"117.97","y":"28.47"},"婺源":{"x":"117.83","y":"29.25"},"德兴":{"x":"117.58","y":"28.96"},"玉山":{"x":"118.25","y":"28.68"},"广丰":{"x":"118.2","y":"28.45"},"铅山":{"x":"117.71","y":"28.32"},"横峰":{"x":"117.62","y":"28.42"},"鹰潭":{"x":"117.02","y":"28.23"},"贵溪":{"x":"117.2","y":"28.3"},"余江":{"x":"116.82","y":"28.22"},"万年":{"x":"117.08","y":"28.7"},"乐平":{"x":"117.12","y":"28.97"},"波阳":{"x":"116.68","y":"29"},"于干":{"x":"116.69","y":"28.7"},"弋阳":{"x":"117.43","y":"28.42"},"宜春":{"x":"114.38","y":"27.81"},"万载":{"x":"114.44","y":"28.11"},"铜鼓":{"x":"114.37","y":"28.53"},"宜丰":{"x":"114.78","y":"28.4"},"上高":{"x":"114.91","y":"28.25"},"安义":{"x":"115.55","y":"28.86"},"奉新":{"x":"115.38","y":"28.71"},"高安":{"x":"115.38","y":"28.42"},"丰城":{"x":"115.7","y":"28.19"},"清江":{"x":"115.54","y":"28.07"},"新余":{"x":"114.92","y":"27.81"},"分宜":{"x":"114.68","y":"27.82"},"靖安":{"x":"115.37","y":"28.88"},"抚州":{"x":"116.34","y":"28"},"临川":{"x":"116.29","y":"27.95"},"金溪":{"x":"116.77","y":"27.92"},"资溪":{"x":"117.06","y":"27.7"},"黎川":{"x":"116.91","y":"27.3"},"南丰":{"x":"116.52","y":"27.22"},"南城":{"x":"116.62","y":"27.56"},"宜黄":{"x":"116.2","y":"27.55"},"崇仁":{"x":"116.05","y":"27.75"},"乐安":{"x":"115.82","y":"27.44"},"东乡":{"x":"116.61","y":"28.23"},"进贤":{"x":"116.26","y":"28.37"},"吉安":{"x":"114.97","y":"27.12"},"新干":{"x":"115.4","y":"27.77"},"峡江":{"x":"115.15","y":"27.56"},"吉水":{"x":"115.14","y":"27.22"},"永丰":{"x":"115.42","y":"27.33"},"泰和":{"x":"114.88","y":"26.81"},"万安":{"x":"114.77","y":"26.47"},"遂川":{"x":"114.5","y":"26.33"},"宁冈":{"x":"113.97","y":"26.71"},"永新":{"x":"114.23","y":"26.96"},"莲花":{"x":"113.94","y":"27.14"},"安福":{"x":"114.62","y":"27.39"},"井冈山":{"x":"114.17","y":"26.57"},"赣州":{"x":"114.92","y":"25.85"},"广昌":{"x":"116.32","y":"26.84"},"石城":{"x":"116.32","y":"26.34"},"宁都":{"x":"116","y":"26.46"},"兴国":{"x":"115.33","y":"26.32"},"于都":{"x":"115.39","y":"25.96"},"瑞金":{"x":"116.02","y":"25.89"},"会昌":{"x":"115.79","y":"25.58"},"安远":{"x":"115.41","y":"25.15"},"寻乌":{"x":"115.64","y":"24.96"},"定南":{"x":"115.02","y":"24.7"},"龙南":{"x":"114.79","y":"24.91"},"全南":{"x":"114.53","y":"24.76"},"信丰":{"x":"114.94","y":"25.39"},"赣县":{"x":"114.02","y":"25.85"},"南康":{"x":"114.75","y":"25.66"},"上犹":{"x":"114.55","y":"25.8"},"崇义":{"x":"114.31","y":"25.69"},"大余":{"x":"114.36","y":"25.39"}},"陕西":{"西安":{"x":"108.95","y":"34.27"},"长安":{"x":"108.97","y":"34.18"},"铜川":{"x":"109.11","y":"35.09"},"耀县":{"x":"108.98","y":"34.91"},"宝鸡":{"x":"107.15","y":"34.38"},"凤翔":{"x":"107.39","y":"34.53"},"千阳":{"x":"107.13","y":"34.65"},"陇县":{"x":"106.86","y":"34.91"},"麟游":{"x":"107.8","y":"34.69"},"岐山":{"x":"107.63","y":"34.46"},"浮风":{"x":"107.87","y":"34.38"},"武功":{"x":"108.22","y":"34.28"},"眉县":{"x":"107.76","y":"34.29"},"太白":{"x":"107.3","y":"34.09"},"凤县":{"x":"106.51","y":"33.93"},"榆林":{"x":"109.77","y":"38.3"},"神木":{"x":"110.51","y":"38.83"},"府谷":{"x":"111.07","y":"39.05"},"佳县":{"x":"110.48","y":"38.04"},"米脂":{"x":"110.23","y":"37.78"},"吴堡":{"x":"110.73","y":"37.49"},"绥德":{"x":"110.24","y":"37.49"},"清涧":{"x":"110.15","y":"37.11"},"子洲":{"x":"110.05","y":"37.45"},"横山":{"x":"109.32","y":"37.97"},"靖边":{"x":"108.79","y":"37.61"},"定边":{"x":"107.59","y":"37.6"},"延安":{"x":"109.47","y":"36.6"},"安寨":{"x":"109.34","y":"36.88"},"子长":{"x":"109.65","y":"37.16"},"延川":{"x":"110.18","y":"36.87"},"延长":{"x":"110.02","y":"36.59"},"宜川":{"x":"110.15","y":"36.04"},"黄龙":{"x":"109.86","y":"35.6"},"洛川":{"x":"109.42","y":"35.76"},"宜君":{"x":"109.11","y":"35.43"},"黄陵":{"x":"109.27","y":"35.6"},"富县":{"x":"109.37","y":"36"},"甘泉":{"x":"109.37","y":"36.29"},"志丹":{"x":"108.78","y":"36.84"},"吴旗":{"x":"108.22","y":"36.93"},"咸阳":{"x":"108.72","y":"34.36"},"礼泉":{"x":"108.43","y":"34.5"},"永寿":{"x":"108.14","y":"34.71"},"彬县":{"x":"108.09","y":"35.04"},"长武":{"x":"107.8","y":"35.22"},"旬邑":{"x":"108.33","y":"35.13"},"淳化":{"x":"108.57","y":"34.81"},"泾阳":{"x":"108.84","y":"34.53"},"三原":{"x":"108.94","y":"34.62"},"高陵":{"x":"109.1","y":"34.55"},"户县":{"x":"108.61","y":"34.12"},"周至":{"x":"108.22","y":"34.18"},"兴平":{"x":"108.49","y":"34.32"},"乾县":{"x":"108.25","y":"34.54"},"渭南":{"x":"109.5","y":"34.52"},"蒲城":{"x":"109.59","y":"34.97"},"白水":{"x":"109.6","y":"35.18"},"成城":{"x":"109.93","y":"35.2"},"韩城":{"x":"110.45","y":"35.47"},"合阳":{"x":"110.15","y":"35.24"},"人荔":{"x":"109.96","y":"34.82"},"潼关":{"x":"110.25","y":"34.56"},"华阴":{"x":"110.09","y":"34.58"},"华县":{"x":"109.77","y":"34.53"},"蓝田":{"x":"109.32","y":"34.17"},"临潼":{"x":"109.22","y":"34.38"},"富平":{"x":"109.17","y":"34.76"},"商县":{"x":"109.96","y":"33.88"},"洛南":{"x":"110.15","y":"34.11"},"丹凤":{"x":"110.35","y":"33.71"},"商南":{"x":"110.88","y":"33.54"},"山阳":{"x":"109.91","y":"33.55"},"镇安":{"x":"109.16","y":"33.45"},"柞水":{"x":"109.14","y":"33.69"},"安康":{"x":"109.02","y":"32.7"},"旬阳":{"x":"109.35","y":"32.83"},"白河":{"x":"110.06","y":"32.83"},"平利":{"x":"109.37","y":"32.41"},"镇坪":{"x":"109.51","y":"31.91"},"岚皋":{"x":"108.89","y":"32.3"},"紫阳":{"x":"108.55","y":"32.56"},"汉阴":{"x":"108.53","y":"32.9"},"石泉":{"x":"108.26","y":"33.05"},"宁陕":{"x":"108.33","y":"33.34"},"汉中":{"x":"108.04","y":"33.07"},"留坝":{"x":"106.95","y":"33.65"},"城固":{"x":"107.32","y":"33.16"},"洋县":{"x":"107.56","y":"33.23"},"佛坪":{"x":"108","y":"33.55"},"西乡":{"x":"107.77","y":"33"},"镇巴":{"x":"107.91","y":"32.56"},"南郑":{"x":"106.93","y":"33"},"宁强":{"x":"106.25","y":"32.82"},"勉县":{"x":"106.68","y":"33.16"},"略阳":{"x":"106.16","y":"33.34"}},"青海":{"西宁":{"x":"101.74","y":"36.56"},"大通":{"x":"101.67","y":"36.92"},"平安":{"x":"102.09","y":"36.47"},"湟中":{"x":"101.57","y":"36.49"},"乐都":{"x":"102.38","y":"36.49"},"民和":{"x":"102.8","y":"36.3"},"湟源":{"x":"101.28","y":"36.72"},"互助":{"x":"101.95","y":"36.84"},"化隆":{"x":"102.3","y":"36.11"},"循化":{"x":"102.46","y":"35.84"},"门源":{"x":"101.62","y":"37.37"},"海晏":{"x":"100.99","y":"36.89"},"刚察":{"x":"100.17","y":"37.32"},"祁连":{"x":"100.22","y":"38.2"},"同仁":{"x":"102","y":"35.54"},"尖扎":{"x":"102","y":"35.92"},"泽库":{"x":"101.5","y":"35.03"},"河南":{"x":"101.62","y":"34.75"},"共和":{"x":"100.61","y":"36.27"},"贵德":{"x":"101.47","y":"36.02"},"贵南":{"x":"100.75","y":"35.57"},"同德":{"x":"100.63","y":"35.24"},"兴海":{"x":"99.99","y":"35.6"},"玛沁":{"x":"100.26","y":"34.49"},"甘德":{"x":"99.89","y":"33.95"},"久治":{"x":"101.47","y":"33.46"},"班玛":{"x":"100.73","y":"32.92"},"达日":{"x":"99.68","y":"33.74"},"玛多":{"x":"98.26","y":"34.92"},"玉树":{"x":"96.97","y":"33.03"},"称多":{"x":"97.12","y":"33.35"},"囊谦":{"x":"96.47","y":"32.23"},"杂多":{"x":"95.3","y":"32.92"},"治多":{"x":"95.6","y":"33.86"},"曲麻菜":{"x":"95.5","y":"34.52"},"格尔木":{"x":"94.9","y":"36.41"},"乌兰":{"x":"98.46","y":"36.9"},"都兰":{"x":"98.13","y":"36.3"},"天峻":{"x":"99.03","y":"37.28"}},"甘肃":{"兰州":{"x":"103.73","y":"36.03"},"永登":{"x":"103.25","y":"36.73"},"榆中":{"x":"104.09","y":"35.87"},"永昌":{"x":"101.94","y":"38.23"},"皋兰":{"x":"103.97","y":"36.32"},"定西":{"x":"104.57","y":"35.57"},"会宁":{"x":"105.08","y":"35.72"},"陇西":{"x":"104.61","y":"34.98"},"临洮":{"x":"103.88","y":"35.39"},"靖远":{"x":"104.71","y":"36.54"},"通渭":{"x":"105.27","y":"35.24"},"渭源":{"x":"104.19","y":"35.17"},"平凉":{"x":"106.68","y":"35.51"},"灵台":{"x":"107.61","y":"35.1"},"华亭":{"x":"106.65","y":"35.21"},"静宁":{"x":"105.73","y":"35.51"},"泾川":{"x":"107.38","y":"35.31"},"崇信":{"x":"107.05","y":"35.27"},"庄浪":{"x":"106.06","y":"35.2"},"庆阳":{"x":"107.88","y":"36.03"},"华池":{"x":"108","y":"36.44"},"庄宁":{"x":"108.43","y":"35.5"},"镇源":{"x":"107.22","y":"35.7"},"环县":{"x":"107.33","y":"36.57"},"合水":{"x":"108.02","y":"35.81"},"宁县":{"x":"107.94","y":"35.17"},"天水":{"x":"105.69","y":"34.6"},"徽县":{"x":"106.11","y":"33.78"},"礼县":{"x":"105.15","y":"34.22"},"武山":{"x":"104.88","y":"34.69"},"秦安":{"x":"105.69","y":"34.89"},"清水":{"x":"106.12","y":"34.73"},"两当":{"x":"106.28","y":"33.9"},"西和":{"x":"105.28","y":"34.02"},"甘谷":{"x":"105.35","y":"34.7"},"漳县":{"x":"104.48","y":"34.87"},"张家川":{"x":"106.23","y":"35"},"武都":{"x":"104.94","y":"33.43"},"宕昌":{"x":"104.38","y":"34.06"},"康县":{"x":"105.58","y":"33.33"},"成县":{"x":"105.7","y":"33.75"},"文县":{"x":"104.7","y":"32.95"},"临潭":{"x":"103.35","y":"34.69"},"舟曲":{"x":"104.38","y":"33.81"},"玛曲":{"x":"102.04","y":"33.97"},"下河":{"x":"102.46","y":"35.21"},"卓尼":{"x":"103.54","y":"34.61"},"迭部":{"x":"103.23","y":"34.08"},"碌曲":{"x":"102.5","y":"34.6"},"临夏":{"x":"103.22","y":"35.62"},"永靖":{"x":"103.34","y":"35.97"},"和政":{"x":"103.31","y":"35.43"},"康乐":{"x":"103.68","y":"35.39"},"广河":{"x":"103.54","y":"35.46"},"东乡":{"x":"103.39","y":"35.68"},"岷县":{"x":"104.04","y":"34.41"},"积石山":{"x":"102.85","y":"35.74"},"武威":{"x":"102.61","y":"37.94"},"民勤":{"x":"103.08","y":"38.62"},"古浪":{"x":"102.86","y":"37.43"},"景泰":{"x":"104.05","y":"37.14"},"天祝":{"x":"102.84","y":"37.24"},"张掖":{"x":"100.46","y":"38.93"},"民乐":{"x":"100.85","y":"38.43"},"临泽":{"x":"100.17","y":"39.14"},"山丹":{"x":"101.19","y":"38.79"},"高台":{"x":"99.84","y":"39.14"},"肃南":{"x":"99.57","y":"38.86"},"玉门":{"x":"97.58","y":"39.81"},"酒泉":{"x":"98.5","y":"39.71"},"敦煌":{"x":"94.71","y":"40.13"},"金塔":{"x":"98.92","y":"39.97"},"安西":{"x":"95.77","y":"40.51"},"阿克塞":{"x":"94.25","y":"38.46"},"肃北":{"x":"94.89","y":"39.49"}},"广西":{"南宁":{"x":"108.33","y":"22.84"},"柳州":{"x":"109.4","y":"24.33"},"桂林":{"x":"110.28","y":"25.29"},"梧州":{"x":"111.34","y":"23.51"},"凭祥":{"x":"106.75","y":"22.11"},"邕宁":{"x":"108.49","y":"22.74"},"武鸣":{"x":"108.27","y":"23.17"},"马山":{"x":"108.2","y":"23.73"},"上林":{"x":"108.59","y":"23.44"},"宾阳":{"x":"108.8","y":"23.22"},"横县":{"x":"109.2","y":"22.69"},"扶绥":{"x":"107.92","y":"22.65"},"崇左":{"x":"107.37","y":"22.42"},"宁明":{"x":"107.08","y":"22.12"},"龙州":{"x":"106.84","y":"22.36"},"大新":{"x":"107.21","y":"22.85"},"天等":{"x":"107.12","y":"23.08"},"隆安":{"x":"107.68","y":"23.18"},"河池":{"x":"108.06","y":"24.7"},"环江":{"x":"108.26","y":"24.83"},"罗城":{"x":"108.9","y":"24.79"},"宜山":{"x":"108.64","y":"24.47"},"东兰":{"x":"107.36","y":"24.53"},"凤山":{"x":"107.05","y":"24.55"},"天峨":{"x":"107.16","y":"25.01"},"南丹":{"x":"107.54","y":"24.98"},"都安":{"x":"108.09","y":"23.94"},"巴马":{"x":"107.25","y":"24.15"},"合山":{"x":"108.89","y":"23.82"},"柳城":{"x":"109.24","y":"24.67"},"融安":{"x":"109.37","y":"24.24"},"鹿寨":{"x":"109.74","y":"24.49"},"象州":{"x":"109.7","y":"23.98"},"武宜":{"x":"109.66","y":"23.6"},"柳江":{"x":"109.34","y":"24.27"},"来宾":{"x":"109.24","y":"23.76"},"忻城":{"x":"108.66","y":"24.07"},"融水":{"x":"109.24","y":"25.07"},"三江":{"x":"109.58","y":"25.8"},"金秀":{"x":"110.18","y":"24.14"},"临桂":{"x":"110.22","y":"25.22"},"灵川":{"x":"110.33","y":"25.42"},"兴安":{"x":"110.66","y":"25.6"},"资源":{"x":"110.66","y":"26.03"},"全州":{"x":"111.06","y":"25.96"},"灌阳":{"x":"111.14","y":"25.49"},"恭城":{"x":"110.81","y":"24.85"},"平乐":{"x":"110.66","y":"24.64"},"荔浦":{"x":"110.38","y":"24.51"},"永福":{"x":"109.98","y":"24.99"},"龙胜":{"x":"110.02","y":"25.78"},"苍悟":{"x":"111.22","y":"23.51"},"钟山":{"x":"111.3","y":"24.53"},"富川":{"x":"110.26","y":"24.83"},"贺县":{"x":"111.54","y":"24.44"},"岑溪":{"x":"111","y":"22.95"},"藤县":{"x":"110.9","y":"23.36"},"蒙山":{"x":"110.54","y":"24.22"},"昭平":{"x":"110.8","y":"24.18"},"玉林":{"x":"110.14","y":"22.64"},"桂平":{"x":"110.07","y":"23.38"},"平南":{"x":"110.4","y":"23.55"},"容县":{"x":"110.53","y":"22.87"},"北流":{"x":"110.33","y":"22.71"},"陆川":{"x":"110.25","y":"22.33"},"博白":{"x":"109.98","y":"22.27"},"贵县":{"x":"109.6","y":"23.11"},"北海":{"x":"109.12","y":"21.49"},"钦州":{"x":"108.61","y":"21.96"},"灵山":{"x":"109.29","y":"22.44"},"浦北":{"x":"109.56","y":"22.27"},"合浦":{"x":"109.2","y":"21.33"},"上思":{"x":"107.98","y":"22.16"},"防城":{"x":"108.35","y":"21.78"},"百色":{"x":"106.62","y":"23.91"},"凌云":{"x":"106.55","y":"24.35"},"乐业":{"x":"106.56","y":"24.78"},"田阳":{"x":"106.9","y":"23.75"},"田东":{"x":"107.12","y":"23.62"},"平果":{"x":"107.59","y":"23.33"},"德保":{"x":"106.6","y":"23.34"},"靖西":{"x":"106.41","y":"23.15"},"那坡":{"x":"105.85","y":"23.42"},"西林":{"x":"105.08","y":"24.51"},"田林":{"x":"106.24","y":"24.31"},"隆林":{"x":"105.34","y":"24.8"}},"新疆":{"乌鲁木齐":{"x":"87.68","y":"43.77"},"克拉玛依":{"x":"84.77","y":"45.59"},"石河子":{"x":"85.94","y":"44.27"},"吐鲁番":{"x":"89.19","y":"42.91"},"托克逊":{"x":"88.63","y":"42.77"},"鄯善":{"x":"90.25","y":"42.82"},"哈密":{"x":"93.44","y":"42.78"},"伊吾":{"x":"94.65","y":"43.28"},"巴里坤":{"x":"93","y":"43.6"},"库尔勒":{"x":"86.06","y":"41.68"},"和静":{"x":"86.35","y":"42.31"},"和硕":{"x":"86.84","y":"42.23"},"博湖":{"x":"86.53","y":"41.95"},"尉梨":{"x":"86.24","y":"41.36"},"轮台":{"x":"84.25","y":"41.77"},"焉耆":{"x":"86.55","y":"42.05"},"和田":{"x":"79.94","y":"37.12"},"民丰":{"x":"82.63","y":"37.07"},"策勒":{"x":"80.78","y":"37.04"},"于田":{"x":"81.63","y":"36.86"},"洛浦":{"x":"80.17","y":"37.12"},"皮山":{"x":"78.29","y":"37.06"},"墨玉":{"x":"79.74","y":"37.31"},"阿克苏":{"x":"80.29","y":"41.15"},"温宿":{"x":"80.24","y":"41.29"},"拜城":{"x":"81.84","y":"41.82"},"库车":{"x":"82.97","y":"41.68"},"新和":{"x":"82.63","y":"41.55"},"沙雅":{"x":"82.9","y":"41.25"},"阿瓦提":{"x":"80.34","y":"40.64"},"柯平":{"x":"79.06","y":"40.55"},"乌什":{"x":"79.25","y":"41.22"},"咯什":{"x":"75.94","y":"39.52"},"巴楚":{"x":"78.59","y":"39.78"},"枷师":{"x":"76.78","y":"39.46"},"乐普湖":{"x":"76.67","y":"39.23"},"麦盖提":{"x":"77.62","y":"38.95"},"莎车":{"x":"77.25","y":"38.45"},"泽普":{"x":"77.26","y":"38.2"},"叶城":{"x":"77.42","y":"37.89"},"疏勒":{"x":"76.05","y":"39.41"},"英吉沙":{"x":"76.17","y":"38.91"},"疏附":{"x":"75.83","y":"39.42"},"塔什库尔干":{"x":"75.22","y":"75.22"},"阿图什":{"x":"76.12","y":"39.73"},"阿合奇":{"x":"78.42","y":"41.91"},"阿克陶":{"x":"75.94","y":"39.14"},"乌恰":{"x":"75.18","y":"39.7"},"昌吉":{"x":"87.31","y":"44.05"},"阜康":{"x":"87.94","y":"44.14"},"奇台":{"x":"89.52","y":"44.02"},"吉木萨尔":{"x":"89.14","y":"44"},"米泉":{"x":"87.68","y":"43.97"},"玛纳斯":{"x":"86.22","y":"44.28"},"呼图壁":{"x":"86.92","y":"44.18"},"木垒":{"x":"90.34","y":"43.8"},"博乐":{"x":"82.1","y":"44.93"},"精河":{"x":"82.92","y":"44.67"},"温泉":{"x":"81.08","y":"44.95"},"伊宁":{"x":"81.33","y":"43.91"},"尼勒克":{"x":"82.53","y":"43.82"},"新源":{"x":"83.27","y":"43.41"},"巩留":{"x":"82.23","y":"43.35"},"奎屯":{"x":"84.89","y":"44.45"},"特克斯":{"x":"81.81","y":"43.23"},"昭苏":{"x":"81.08","y":"43.15"},"霍城":{"x":"80.87","y":"44.07"},"察布察尔":{"x":"81.12","y":"43.82"},"塔城":{"x":"82.96","y":"46.74"},"额敏":{"x":"83.62","y":"46.52"},"乌苏":{"x":"84.62","y":"44.45"},"托里":{"x":"83.59","y":"45.92"},"裕民":{"x":"82.94","y":"46.21"},"沙湾":{"x":"85.56","y":"44.29"},"和布克赛尔":{"x":"85.13","y":"46.78"},"阿勒泰":{"x":"88.14","y":"47.86"},"青河":{"x":"90.37","y":"46.71"},"富蕴":{"x":"89.44","y":"47.05"},"福海":{"x":"87.51","y":"47.15"},"吉木乃":{"x":"85.84","y":"47.42"},"布尔津":{"x":"86.92","y":"47.7"},"哈巴河":{"x":"86.41","y":"48.05"}},"内蒙古":{"呼和浩特":{"x":"111.65","y":"40.82"},"上默特左旗":{"x":"111.13","y":"40.72"},"托克托":{"x":"111.15","y":"40.28"},"包头":{"x":"110","y":"40.58"},"上默特右旗":{"x":"110.52","y":"40.55"},"固阳":{"x":"110.03","y":"41.03"},"乌海":{"x":"106.82","y":"39.67"},"集宁":{"x":"113.08","y":"41.03"},"兴和":{"x":"113.97","y":"40.88"},"清水河":{"x":"111.65","y":"39.92"},"武川":{"x":"111.42","y":"41.12"},"卓资":{"x":"112.52","y":"40.93"},"商都":{"x":"113.53","y":"41.58"},"丰镇":{"x":"113.15","y":"40.45"},"凉城":{"x":"112.48","y":"40.52"},"和林格尔":{"x":"111.8","y":"40.4"},"化德":{"x":"114","y":"41.9"},"察哈尔右翼后旗":{"x":"113.15","y":"41.85"},"察哈尔右翼中旗":{"x":"112.62","y":"41.28"},"察哈尔右翼前旗":{"x":"113.18","y":"40.78"},"四子王旗":{"x":"111.68","y":"41.37"},"达尔罕茂明安联合旗":{"x":"110.42","y":"41.72"},"二连浩特":{"x":"111.96","y":"43.65"},"阿巴哈纳尔旗":{"x":"116.08","y":"43.95"},"多伦":{"x":"116.48","y":"42.18"},"阿巴嘎旗":{"x":"114.97","y":"44.03"},"西乌珠穆沁旗":{"x":"117.58","y":"44.6"},"东乌珠穆沁旗":{"x":"116.97","y":"45.53"},"苏尼特左旗":{"x":"113.7","y":"43.85"},"苏尼特右旗":{"x":"112.95","y":"42.47"},"太仆寺旗":{"x":"115.3","y":"41.9"},"正镶白旗":{"x":"115","y":"42.32"},"正蓝旗":{"x":"116.02","y":"42.25"},"镶黄旗":{"x":"113.83","y":"42.25"},"海拉尔":{"x":"119.73","y":"29.22"},"满洲里":{"x":"117.47","y":"49.58"},"陈巴尔虎旗":{"x":"119.45","y":"49.33"},"额尔古纳右旗":{"x":"120.08","y":"50.45"},"额尔古纳左旗":{"x":"121.52","y":"50.8"},"喜桂图旗":{"x":"120.73","y":"49.3"},"阿荣旗":{"x":"123.5","y":"48.13"},"布特哈旗":{"x":"122.78","y":"47.98"},"新巴尔虎左旗":{"x":"116.82","y":"48.67"},"新巴尔虎右旗":{"x":"118.23","y":"48.22"},"鄂伦春自治旗":{"x":"123.7","y":"50.58"},"莫力达瓦达斡尔族自治旗":{"x":"124.5","y":"48.47"},"鄂温克族自治旗":{"x":"119.75","y":"49.13"},"通辽":{"x":"122.28","y":"43.63"},"开鲁":{"x":"121.32","y":"43.62"},"科尔沁左翼后旗":{"x":"122.35","y":"42.97"},"科尔沁左翼中旗":{"x":"123.28","y":"44.13"},"库伦旗":{"x":"121.75","y":"42.72"},"奈曼旗":{"x":"120.65","y":"42.85"},"扎鲁特旗":{"x":"120.87","y":"44.55"},"赤峰":{"x":"118.87","y":"42.28"},"宁城":{"x":"119.32","y":"41.62"},"林西":{"x":"118.02","y":"43.62"},"喀喇沁旗":{"x":"118.67","y":"41.95"},"敖汉旗":{"x":"119.87","y":"42.3"},"翁牛特旗":{"x":"119","y":"42.97"},"巴林右旗":{"x":"118.65","y":"43.52"},"巴林左旗":{"x":"119.35","y":"43.98"},"阿鲁科尔沁旗":{"x":"120.05","y":"43.97"},"克什克腾旗":{"x":"117.48","y":"43.28"},"伊克昭盟":{"x":"110","y":"39.83"},"东胜县":{"x":"110","y":"39.83"},"准格尔旗":{"x":"111.13","y":"39.68"},"乌审旗":{"x":"109.03","y":"38.38"},"伊金霍洛旗":{"x":"109.77","y":"39.25"},"鄂托克旗":{"x":"107.97","y":"39.12"},"鄂托克前旗":{"x":"107.43","y":"38.18"},"杭锦旗":{"x":"108.7","y":"39.83"},"达拉特旗":{"x":"110.02","y":"40.42"},"临河":{"x":"107.37","y":"40.78"},"五原":{"x":"108.28","y":"41.12"},"磴口":{"x":"106.98","y":"40.33"},"杭锦后旗":{"x":"107.12","y":"40.88"},"乌拉特中旗":{"x":"108.52","y":"41.55"},"乌拉特前旗":{"x":"108.65","y":"40.75"},"乌拉特后旗":{"x":"108.52","y":"40.88"},"阿拉善左旗":{"x":"105.68","y":"38.85"},"阿拉善右旗":{"x":"101.68","y":"39.2"},"额济纳旗":{"x":"100.88","y":"41.9"},"乌兰浩特":{"x":"122.08","y":"46.07"},"突泉":{"x":"121.5","y":"45.4"},"科尔沁右翼前旗":{"x":"122.03","y":"46.12"},"科尔沁右翼中旗":{"x":"121.47","y":"45.05"}},"西藏":{"拉萨":{"x":"91.11","y":"29.97"},"林周":{"x":"91.24","y":"30.2"},"当雄":{"x":"91.05","y":"30.51"},"墨竹工卡":{"x":"91.77","y":"29.77"},"尼木":{"x":"90.14","y":"29.44"},"米林":{"x":"94.13","y":"29.18"},"墨脱":{"x":"95.26","y":"29.22"},"达孜":{"x":"91.39","y":"29.63"},"曲水":{"x":"90.7","y":"29.39"},"堆龙德庆":{"x":"90.96","y":"29.67"},"林芝":{"x":"94.25","y":"29.59"},"工布江达":{"x":"93.25","y":"29.92"},"那曲":{"x":"92.1","y":"31.47"},"巴青":{"x":"94.1","y":"31.96"},"比如":{"x":"93.68","y":"31.53"},"班戈":{"x":"90.05","y":"31.35"},"嘉黎":{"x":"93.46","y":"30.63"},"聂荣":{"x":"92.3","y":"31.08"},"索县":{"x":"93.71","y":"31.92"},"安多":{"x":"91.68","y":"32.29"},"申扎":{"x":"88.7","y":"30.94"},"吕都":{"x":"97.14","y":"31.18"},"贡觉":{"x":"98.29","y":"30.86"},"左贡":{"x":"97.9","y":"29.68"},"察隅":{"x":"97.49","y":"28.62"},"洛隆":{"x":"95.76","y":"30.81"},"丁青":{"x":"95.63","y":"31.42"},"波密":{"x":"95.75","y":"29.92"},"江达":{"x":"89.19","y":"31.53"},"察雅":{"x":"97.56","y":"30.69"},"芒康":{"x":"98.68","y":"29.64"},"八宿":{"x":"96.95","y":"30.04"},"边坝":{"x":"94.69","y":"30.94"},"类乌齐":{"x":"96.57","y":"31.2"},"乃东":{"x":"91.76","y":"29.18"},"加查":{"x":"92.6","y":"29.09"},"曲松":{"x":"92.11","y":"29.08"},"错那":{"x":"91.91","y":"27.98"},"穷结":{"x":"91.65","y":"29.04"},"贡嘎":{"x":"90.96","y":"29.25"},"浪卡子":{"x":"90.33","y":"29.96"},"桑日":{"x":"92","y":"29.26"},"朗县":{"x":"93.11","y":"29.06"},"隆子":{"x":"92.42","y":"28.46"},"措美":{"x":"91.4","y":"28.49"},"洛扎":{"x":"90.83","y":"28.42"},"扎囊":{"x":"91.26","y":"29.22"},"日喀则":{"x":"88.82","y":"29.28"},"定结":{"x":"87.77","y":"28.38"},"拉孜":{"x":"87.62","y":"29.1"},"聂拉木":{"x":"85.94","y":"28.19"},"谢通门":{"x":"88.25","y":"29.43"},"仲巴":{"x":"84.15","y":"29.66"},"康马":{"x":"89.67","y":"28.57"},"亚东":{"x":"88.93","y":"27.55"},"岗巴":{"x":"88.5","y":"28.29"},"南木林":{"x":"89.02","y":"29.71"},"萨迦":{"x":"88","y":"28.87"},"定日":{"x":"87.11","y":"28.57"},"吉隆":{"x":"85.29","y":"28.94"},"昂仁":{"x":"87.22","y":"29.3"},"江孜":{"x":"89.63","y":"28.94"},"仁布":{"x":"89.77","y":"29.21"},"白朗":{"x":"89.16","y":"29.11"},"萨嘎":{"x":"85.3","y":"29.38"},"噶尔":{"x":"80","y":"32.08"},"革吉":{"x":"81.13","y":"32.45"},"扎达":{"x":"79.76","y":"31.47"},"措勤":{"x":"85.16","y":"31.06"},"日上":{"x":"79.61","y":"33.44"},"改则":{"x":"84.1","y":"32.33"},"普兰":{"x":"81.18","y":"30.37"}},"宁夏":{"银川":{"x":"106.27","y":"38.47"},"永宁":{"x":"106.24","y":"38.28"},"贺兰":{"x":"106.35","y":"38.55"},"石嘴山":{"x":"106.39","y":"39.04"},"平罗":{"x":"106.54","y":"38.91"},"陶乐":{"x":"106.69","y":"38.82"},"吴忠":{"x":"106.21","y":"37.99"},"同心":{"x":"105.94","y":"36.97"},"灵武":{"x":"106.34","y":"38.1"},"中宁":{"x":"105.66","y":"37.48"},"盐池":{"x":"107.41","y":"37.78"},"中卫":{"x":"105.18","y":"37.51"},"青铜峡":{"x":"106.07","y":"38.02"},"固原":{"x":"106.28","y":"36.01"},"西吉":{"x":"105.7","y":"35.97"},"泾源":{"x":"106.33","y":"35.5"},"海原":{"x":"105.64","y":"36.56"},"隆德":{"x":"106.11","y":"35.63"}},"台湾":{"台湾":{"x":"121.5","y":"25.14"},"台北":{"x":"121.56","y":"25.03"}},"香港":{"香港":{"x":"114.1","y":"22.2"}},"澳门":{"澳门":{"x":"113.33","y":"22.13"}},"安徽":{"合肥":{"x":"117.27","y":"31.86"},"长丰":{"x":"117.16","y":"32.47"},"淮南":{"x":"116.98","y":"32.62"},"凤台":{"x":"116.71","y":"32.68"},"淮北":{"x":"116.77","y":"33.97"},"濉溪":{"x":"116.76","y":"33.92"},"芜湖":{"x":"118.38","y":"31.33"},"铜陵":{"x":"117.82","y":"30.93"},"蚌埠":{"x":"117.34","y":"32.93"},"马鞍山":{"x":"118.48","y":"31.56"},"安庆":{"x":"117.03","y":"30.52"},"宿州":{"x":"116.97","y":"33.63"},"宿县":{"x":"116.97","y":"33.63"},"砀山":{"x":"116.34","y":"34.42"},"萧县":{"x":"116.93","y":"34.19"},"吴壁":{"x":"117.55","y":"33.55"},"泗县":{"x":"117.89","y":"33.49"},"五河":{"x":"117.87","y":"33.14"},"固镇":{"x":"117.32","y":"33.33"},"怀远":{"x":"117.19","y":"32.95"},"滁州":{"x":"118.31","y":"32.33"},"嘉山":{"x":"117.98","y":"32.78"},"天长":{"x":"119","y":"32.68"},"来安":{"x":"118.44","y":"32.44"},"全椒":{"x":"118.27","y":"32.1"},"定远":{"x":"117.68","y":"32.52"},"凤阳":{"x":"117.4","y":"32.86"},"巢湖":{"x":"117.87","y":"31.62"},"巢县":{"x":"117.87","y":"31.62"},"肥东":{"x":"117.47","y":"31.89"},"含山":{"x":"118.11","y":"31.7"},"和县":{"x":"118.37","y":"31.7"},"无为":{"x":"117.75","y":"31.3"},"卢江":{"x":"117.29","y":"31.23"},"宣城":{"x":"118.73","y":"31.95"},"当涂":{"x":"118.49","y":"31.55"},"郎溪":{"x":"119.17","y":"31.14"},"广德":{"x":"119.41","y":"30.89"},"泾县":{"x":"118.41","y":"30.68"},"南陵":{"x":"118.32","y":"30.91"},"繁昌":{"x":"118.21","y":"31.07"},"宁国":{"x":"118.95","y":"30.62"},"青阳":{"x":"117.84","y":"30.64"},"屯溪":{"x":"118.31","y":"29.72"},"休宁":{"x":"118.19","y":"29.81"},"旌得":{"x":"118.53","y":"30.28"},"绩溪":{"x":"118.57","y":"30.07"},"歙县":{"x":"118.44","y":"29.88"},"祁门":{"x":"117.7","y":"29.86"},"黟县":{"x":"117.92","y":"29.93"},"太平":{"x":"118.13","y":"30.28"},"石台":{"x":"117.48","y":"30.19"},"桐城":{"x":"116.94","y":"31.04"},"纵阳":{"x":"117.21","y":"30.69"},"怀宁":{"x":"116.63","y":"30.41"},"望江":{"x":"116.69","y":"30.12"},"宿松":{"x":"116.13","y":"30.15"},"太湖":{"x":"116.27","y":"30.42"},"岳西":{"x":"116.36","y":"30.84"},"潜山":{"x":"116.53","y":"30.62"},"东至":{"x":"116.99","y":"30.08"},"贵池":{"x":"117.48","y":"30.66"},"六安":{"x":"116.49","y":"31.73"},"霍丘":{"x":"116.27","y":"32.32"},"寿县":{"x":"116.78","y":"32.57"},"肥西":{"x":"117.15","y":"31.7"},"舒城":{"x":"116.94","y":"31.45"},"霍山":{"x":"116.32","y":"31.38"},"金寨":{"x":"115.87","y":"31.67"},"阜阳":{"x":"115.81","y":"32.89"},"毫县":{"x":"116.76","y":"33.86"},"涡阳":{"x":"116.21","y":"33.49"},"蒙城":{"x":"116.55","y":"33.25"},"利辛":{"x":"116.19","y":"33.12"},"颖上":{"x":"116.26","y":"32.62"},"阜南":{"x":"115.6","y":"32.63"},"临泉":{"x":"115.24","y":"33.06"},"界首":{"x":"115.34","y":"33.24"},"太和":{"x":"115.61","y":"33.16"}},"江苏":{"南京":{"x":"118.78","y":"32.04"},"江宁":{"x":"118.83","y":"31.95"},"六合":{"x":"118.83","y":"32.36"},"江浦":{"x":"118.62","y":"32.07"},"徐州":{"x":"117.2","y":"34.26"},"连云港":{"x":"119.16","y":"34.59"},"南通":{"x":"121.05","y":"32.08"},"苏州":{"x":"120.62","y":"31.32"},"无锡":{"x":"120.29","y":"31.59"},"常州":{"x":"119.95","y":"31.79"},"丰县":{"x":"116.57","y":"34.79"},"沛县":{"x":"116.93","y":"34.73"},"赣榆":{"x":"119.11","y":"34.83"},"东海":{"x":"118.75","y":"34.54"},"新沂":{"x":"118.33","y":"34.38"},"邳县":{"x":"117.97","y":"34.3"},"睢宁":{"x":"117.94","y":"33.89"},"铜山":{"x":"117.2","y":"34.26"},"清江":{"x":"119.02","y":"33.59"},"灌云":{"x":"119.23","y":"34.3"},"灌南":{"x":"119.36","y":"34.09"},"沭阳":{"x":"118.79","y":"34.12"},"宿迁":{"x":"118.3","y":"33.96"},"泗阳":{"x":"118.68","y":"33.73"},"盱眙":{"x":"118.05","y":"33"},"涟水":{"x":"119.26","y":"33.77"},"淮阴":{"x":"119.02","y":"33.62"},"淮安":{"x":"119.15","y":"33.5"},"洪泽":{"x":"118.85","y":"33.28"},"泗洪":{"x":"118.23","y":"33.46"},"金湖":{"x":"119.02","y":"33.01"},"盐城":{"x":"120.13","y":"33.38"},"滨海":{"x":"119.84","y":"34.01"},"阜宁":{"x":"119.79","y":"33.78"},"射阳":{"x":"120.26","y":"33.77"},"建湖":{"x":"119.77","y":"33.46"},"响水":{"x":"119.56","y":"34.2"},"大丰":{"x":"120.45","y":"33.19"},"东台":{"x":"120.31","y":"32.84"},"海安":{"x":"120.45","y":"32.57"},"如皋":{"x":"120.56","y":"32.39"},"如东":{"x":"121.18","y":"32.33"},"启东":{"x":"121.66","y":"31.8"},"海门":{"x":"121.15","y":"31.89"},"扬州":{"x":"119.42","y":"32.39"},"宝应":{"x":"119.32","y":"33.23"},"兴化":{"x":"119.82","y":"32.93"},"高邮":{"x":"119.45","y":"32.78"},"泰兴":{"x":"120.02","y":"32.16"},"泰县":{"x":"120.15","y":"32.51"},"泰州":{"x":"119.9","y":"32.49"},"靖江":{"x":"120.26","y":"32.03"},"江都":{"x":"119.55","y":"32.43"},"邗江":{"x":"119.42","y":"32.39"},"仪征":{"x":"119.16","y":"32.27"},"镇江":{"x":"119.44","y":"32.2"},"丹徒":{"x":"119.44","y":"32.2"},"扬中":{"x":"119.81","y":"32.24"},"丹阳":{"x":"119.55","y":"32"},"武进":{"x":"119.95","y":"31.78"},"宜兴":{"x":"119.82","y":"31.36"},"金坛":{"x":"119.56","y":"31.74"},"溧阳":{"x":"119.48","y":"31.43"},"句容":{"x":"119.16","y":"31.95"},"溧水":{"x":"119.02","y":"31.65"},"高淳":{"x":"118.87","y":"31.32"},"江阴":{"x":"120.26","y":"31.91"},"沙洲":{"x":"120.55","y":"31.86"},"常熟":{"x":"120.74","y":"31.64"},"太仓":{"x":"121.1","y":"31.45"},"昆山":{"x":"120.95","y":"31.39"},"吴县":{"x":"120.62","y":"31.32"},"吴江":{"x":"120.63","y":"31.16"}}}
